route_id,seq,stop_id,run_time_sec,transfer_sec
SUB:1호선,0,SUB:인천,0,0
SUB:1호선,1,SUB:동인천,115,0
SUB:1호선,2,SUB:도원,99,0
SUB:1호선,3,SUB:제물포,116,0
SUB:1호선,4,SUB:도화,89,0
SUB:1호선,5,SUB:주안,94,0
SUB:1호선,6,SUB:간석,106,0
SUB:1호선,7,SUB:동암,99,0
SUB:1호선,8,SUB:백운,121,0
SUB:1호선,9,SUB:부평,145,0
SUB:1호선,10,SUB:부개,117,0
SUB:1호선,11,SUB:송내,95,0
SUB:1호선,12,SUB:중동,93,0
SUB:1호선,13,SUB:부천,136,0
SUB:1호선,14,SUB:소사,105,0
SUB:1호선,15,SUB:역곡,125,0
SUB:1호선,16,SUB:온수,114,42
SUB:1호선,17,SUB:오류동,148,0
SUB:1호선,18,SUB:개봉,113,0
SUB:1호선,19,SUB:구일,89,0
SUB:1호선,20,SUB:구로,123,0
SUB:1호선,21,SUB:신도림,92,34
SUB:1호선,22,SUB:영등포,133,0
SUB:1호선,23,SUB:신길,82,101
SUB:1호선,24,SUB:대방,86,0
SUB:1호선,25,SUB:노량진,123,0
SUB:1호선,26,SUB:용산,220,0
SUB:1호선,27,SUB:남영,99,0
SUB:1호선,28,SUB:서울역,123,51
SUB:1호선,29,SUB:시청,120,42
SUB:1호선,30,SUB:종각,120,0
SUB:1호선,31,SUB:종로3가,90,119
SUB:1호선,32,SUB:종로5가,90,0
SUB:1호선,33,SUB:동대문,90,81
SUB:1호선,34,SUB:동묘앞,60,40
SUB:1호선,35,SUB:신설동,90,6
SUB:1호선,36,SUB:제기동,90,0
SUB:1호선,37,SUB:청량리,90,76
SUB:1호선,38,SUB:회기,109,0
SUB:1호선,39,SUB:외대앞,85,0
SUB:1호선,40,SUB:신이문,70,0
SUB:1호선,41,SUB:석계,130,52
SUB:1호선,42,SUB:광운대,93,0
SUB:1호선,43,SUB:월계,94,0
SUB:1호선,44,SUB:녹천,122,0
SUB:1호선,45,SUB:창동,98,35
SUB:1호선,46,SUB:방학,128,0
SUB:1호선,47,SUB:도봉,113,0
SUB:1호선,48,SUB:도봉산,105,18
SUB:1호선,49,SUB:망월사,181,0
SUB:1호선,50,SUB:회룡,143,0
SUB:1호선,51,SUB:의정부,112,0
SUB:1호선,52,SUB:가능,108,0
SUB:1호선,53,SUB:녹양,107,0
SUB:1호선,54,SUB:양주,137,0
SUB:1호선,55,SUB:덕계,370,0
SUB:1호선,56,SUB:덕정,212,0
SUB:1호선,57,SUB:지행,399,0
SUB:1호선,58,SUB:동두천중앙,95,0
SUB:1호선,59,SUB:보산,119,0
SUB:1호선,60,SUB:동두천,127,0
SUB:1호선,61,SUB:소요산,183,0
SUB:1호선,62,SUB:청산,390,0
SUB:1호선,63,SUB:전곡,248,0
SUB:1호선,64,SUB:연천,606,0
SUB:1호선:R,0,SUB:연천,0,0
SUB:1호선:R,1,SUB:전곡,606,0
SUB:1호선:R,2,SUB:청산,248,0
SUB:1호선:R,3,SUB:소요산,390,0
SUB:1호선:R,4,SUB:동두천,183,0
SUB:1호선:R,5,SUB:보산,127,0
SUB:1호선:R,6,SUB:동두천중앙,119,0
SUB:1호선:R,7,SUB:지행,95,0
SUB:1호선:R,8,SUB:덕정,399,0
SUB:1호선:R,9,SUB:덕계,212,0
SUB:1호선:R,10,SUB:양주,370,0
SUB:1호선:R,11,SUB:녹양,137,0
SUB:1호선:R,12,SUB:가능,107,0
SUB:1호선:R,13,SUB:의정부,108,0
SUB:1호선:R,14,SUB:회룡,112,0
SUB:1호선:R,15,SUB:망월사,143,0
SUB:1호선:R,16,SUB:도봉산,181,18
SUB:1호선:R,17,SUB:도봉,105,0
SUB:1호선:R,18,SUB:방학,113,0
SUB:1호선:R,19,SUB:창동,128,35
SUB:1호선:R,20,SUB:녹천,98,0
SUB:1호선:R,21,SUB:월계,122,0
SUB:1호선:R,22,SUB:광운대,94,0
SUB:1호선:R,23,SUB:석계,93,52
SUB:1호선:R,24,SUB:신이문,130,0
SUB:1호선:R,25,SUB:외대앞,70,0
SUB:1호선:R,26,SUB:회기,85,0
SUB:1호선:R,27,SUB:청량리,109,76
SUB:1호선:R,28,SUB:제기동,90,0
SUB:1호선:R,29,SUB:신설동,90,6
SUB:1호선:R,30,SUB:동묘앞,90,40
SUB:1호선:R,31,SUB:동대문,60,81
SUB:1호선:R,32,SUB:종로5가,90,0
SUB:1호선:R,33,SUB:종로3가,90,119
SUB:1호선:R,34,SUB:종각,90,0
SUB:1호선:R,35,SUB:시청,120,42
SUB:1호선:R,36,SUB:서울역,120,51
SUB:1호선:R,37,SUB:남영,123,0
SUB:1호선:R,38,SUB:용산,99,0
SUB:1호선:R,39,SUB:노량진,220,0
SUB:1호선:R,40,SUB:대방,123,0
SUB:1호선:R,41,SUB:신길,86,101
SUB:1호선:R,42,SUB:영등포,82,0
SUB:1호선:R,43,SUB:신도림,133,34
SUB:1호선:R,44,SUB:구로,92,0
SUB:1호선:R,45,SUB:구일,123,0
SUB:1호선:R,46,SUB:개봉,89,0
SUB:1호선:R,47,SUB:오류동,113,0
SUB:1호선:R,48,SUB:온수,148,42
SUB:1호선:R,49,SUB:역곡,114,0
SUB:1호선:R,50,SUB:소사,125,0
SUB:1호선:R,51,SUB:부천,105,0
SUB:1호선:R,52,SUB:중동,136,0
SUB:1호선:R,53,SUB:송내,93,0
SUB:1호선:R,54,SUB:부개,95,0
SUB:1호선:R,55,SUB:부평,117,0
SUB:1호선:R,56,SUB:백운,145,0
SUB:1호선:R,57,SUB:동암,121,0
SUB:1호선:R,58,SUB:간석,99,0
SUB:1호선:R,59,SUB:주안,106,0
SUB:1호선:R,60,SUB:도화,94,0
SUB:1호선:R,61,SUB:제물포,89,0
SUB:1호선:R,62,SUB:도원,116,0
SUB:1호선:R,63,SUB:동인천,99,0
SUB:1호선:R,64,SUB:인천,115,0
SUB:1호선#1,0,SUB:광운대,0,0
SUB:1호선#1,1,SUB:석계,93,52
SUB:1호선#1,2,SUB:신이문,130,0
SUB:1호선#1,3,SUB:외대앞,70,0
SUB:1호선#1,4,SUB:회기,85,0
SUB:1호선#1,5,SUB:청량리,109,76
SUB:1호선#1,6,SUB:제기동,90,0
SUB:1호선#1,7,SUB:신설동,90,6
SUB:1호선#1,8,SUB:동묘앞,90,40
SUB:1호선#1,9,SUB:동대문,60,81
SUB:1호선#1,10,SUB:종로5가,90,0
SUB:1호선#1,11,SUB:종로3가,90,119
SUB:1호선#1,12,SUB:종각,90,0
SUB:1호선#1,13,SUB:시청,120,42
SUB:1호선#1,14,SUB:서울역,120,51
SUB:1호선#1,15,SUB:남영,123,0
SUB:1호선#1,16,SUB:용산,99,0
SUB:1호선#1,17,SUB:노량진,220,0
SUB:1호선#1,18,SUB:대방,123,0
SUB:1호선#1,19,SUB:신길,86,101
SUB:1호선#1,20,SUB:영등포,82,0
SUB:1호선#1,21,SUB:신도림,133,34
SUB:1호선#1,22,SUB:구로,92,0
SUB:1호선#1,23,SUB:가산디지털단지,183,46
SUB:1호선#1,24,SUB:독산,149,0
SUB:1호선#1,25,SUB:금천구청,108,0
SUB:1호선#1,26,SUB:석수,199,0
SUB:1호선#1,27,SUB:관악,147,0
SUB:1호선#1,28,SUB:안양,190,0
SUB:1호선#1,29,SUB:명학,172,0
SUB:1호선#1,30,SUB:금정,128,0
SUB:1호선#1,31,SUB:군포,165,0
SUB:1호선#1,32,SUB:당정,107,0
SUB:1호선#1,33,SUB:의왕,199,0
SUB:1호선#1,34,SUB:성균관대,228,0
SUB:1호선#1,35,SUB:화서,192,0
SUB:1호선#1,36,SUB:수원,168,0
SUB:1호선#1,37,SUB:세류,218,0
SUB:1호선#1,38,SUB:병점,327,0
SUB:1호선#1,39,SUB:세마,189,0
SUB:1호선#1,40,SUB:오산대,202,0
SUB:1호선#1,41,SUB:오산,214,0
SUB:1호선#1,42,SUB:진위,288,0
SUB:1호선#1,43,SUB:송탄,284,0
SUB:1호선#1,44,SUB:서정리,176,0
SUB:1호선#1,45,SUB:평택지제,328,0
SUB:1호선#1,46,SUB:평택,259,0
SUB:1호선#1,47,SUB:성환,641,0
SUB:1호선#1,48,SUB:직산,383,0
SUB:1호선#1,49,SUB:두정,306,0
SUB:1호선#1,50,SUB:천안,196,0
SUB:1호선#1,51,SUB:봉명,125,0
SUB:1호선#1,52,SUB:쌍용,130,0
SUB:1호선#1,53,SUB:아산,128,0
SUB:1호선#1,54,SUB:탕정,149,0
SUB:1호선#1,55,SUB:배방,233,0
SUB:1호선#1,56,SUB:온양온천,328,0
SUB:1호선#1,57,SUB:신창,348,0
SUB:1호선#1:R,0,SUB:신창,0,0
SUB:1호선#1:R,1,SUB:온양온천,348,0
SUB:1호선#1:R,2,SUB:배방,328,0
SUB:1호선#1:R,3,SUB:탕정,233,0
SUB:1호선#1:R,4,SUB:아산,149,0
SUB:1호선#1:R,5,SUB:쌍용,128,0
SUB:1호선#1:R,6,SUB:봉명,130,0
SUB:1호선#1:R,7,SUB:천안,125,0
SUB:1호선#1:R,8,SUB:두정,196,0
SUB:1호선#1:R,9,SUB:직산,306,0
SUB:1호선#1:R,10,SUB:성환,383,0
SUB:1호선#1:R,11,SUB:평택,641,0
SUB:1호선#1:R,12,SUB:평택지제,259,0
SUB:1호선#1:R,13,SUB:서정리,328,0
SUB:1호선#1:R,14,SUB:송탄,176,0
SUB:1호선#1:R,15,SUB:진위,284,0
SUB:1호선#1:R,16,SUB:오산,288,0
SUB:1호선#1:R,17,SUB:오산대,214,0
SUB:1호선#1:R,18,SUB:세마,202,0
SUB:1호선#1:R,19,SUB:병점,189,0
SUB:1호선#1:R,20,SUB:세류,327,0
SUB:1호선#1:R,21,SUB:수원,218,0
SUB:1호선#1:R,22,SUB:화서,168,0
SUB:1호선#1:R,23,SUB:성균관대,192,0
SUB:1호선#1:R,24,SUB:의왕,228,0
SUB:1호선#1:R,25,SUB:당정,199,0
SUB:1호선#1:R,26,SUB:군포,107,0
SUB:1호선#1:R,27,SUB:금정,165,0
SUB:1호선#1:R,28,SUB:명학,128,0
SUB:1호선#1:R,29,SUB:안양,172,0
SUB:1호선#1:R,30,SUB:관악,190,0
SUB:1호선#1:R,31,SUB:석수,147,0
SUB:1호선#1:R,32,SUB:금천구청,199,0
SUB:1호선#1:R,33,SUB:독산,108,0
SUB:1호선#1:R,34,SUB:가산디지털단지,149,46
SUB:1호선#1:R,35,SUB:구로,183,0
SUB:1호선#1:R,36,SUB:신도림,92,34
SUB:1호선#1:R,37,SUB:영등포,133,0
SUB:1호선#1:R,38,SUB:신길,82,101
SUB:1호선#1:R,39,SUB:대방,86,0
SUB:1호선#1:R,40,SUB:노량진,123,0
SUB:1호선#1:R,41,SUB:용산,220,0
SUB:1호선#1:R,42,SUB:남영,99,0
SUB:1호선#1:R,43,SUB:서울역,123,51
SUB:1호선#1:R,44,SUB:시청,120,42
SUB:1호선#1:R,45,SUB:종각,120,0
SUB:1호선#1:R,46,SUB:종로3가,90,119
SUB:1호선#1:R,47,SUB:종로5가,90,0
SUB:1호선#1:R,48,SUB:동대문,90,81
SUB:1호선#1:R,49,SUB:동묘앞,60,40
SUB:1호선#1:R,50,SUB:신설동,90,6
SUB:1호선#1:R,51,SUB:제기동,90,0
SUB:1호선#1:R,52,SUB:청량리,90,76
SUB:1호선#1:R,53,SUB:회기,109,0
SUB:1호선#1:R,54,SUB:외대앞,85,0
SUB:1호선#1:R,55,SUB:신이문,70,0
SUB:1호선#1:R,56,SUB:석계,130,52
SUB:1호선#1:R,57,SUB:광운대,93,0
SUB:1호선#2,0,SUB:의정부,0,0
SUB:1호선#2,1,SUB:회룡,112,0
SUB:1호선#2,2,SUB:망월사,143,0
SUB:1호선#2,3,SUB:도봉산,181,18
SUB:1호선#2,4,SUB:도봉,105,0
SUB:1호선#2,5,SUB:방학,113,0
SUB:1호선#2,6,SUB:창동,128,35
SUB:1호선#2,7,SUB:녹천,98,0
SUB:1호선#2,8,SUB:월계,122,0
SUB:1호선#2,9,SUB:광운대,94,0
SUB:1호선#2,10,SUB:석계,93,52
SUB:1호선#2,11,SUB:신이문,130,0
SUB:1호선#2,12,SUB:외대앞,70,0
SUB:1호선#2,13,SUB:회기,85,0
SUB:1호선#2,14,SUB:청량리,109,76
SUB:1호선#2,15,SUB:제기동,90,0
SUB:1호선#2,16,SUB:신설동,90,6
SUB:1호선#2,17,SUB:동묘앞,90,40
SUB:1호선#2,18,SUB:동대문,60,81
SUB:1호선#2,19,SUB:종로5가,90,0
SUB:1호선#2,20,SUB:종로3가,90,119
SUB:1호선#2,21,SUB:종각,90,0
SUB:1호선#2,22,SUB:시청,120,42
SUB:1호선#2,23,SUB:서울역,120,51
SUB:1호선#2,24,SUB:남영,123,0
SUB:1호선#2,25,SUB:용산,99,0
SUB:1호선#2,26,SUB:노량진,220,0
SUB:1호선#2,27,SUB:대방,123,0
SUB:1호선#2,28,SUB:신길,86,101
SUB:1호선#2,29,SUB:영등포,82,0
SUB:1호선#2,30,SUB:신도림,133,34
SUB:1호선#2,31,SUB:구로,92,0
SUB:1호선#2,32,SUB:가산디지털단지,183,46
SUB:1호선#2,33,SUB:독산,149,0
SUB:1호선#2,34,SUB:금천구청,108,0
SUB:1호선#2,35,SUB:석수,199,0
SUB:1호선#2,36,SUB:관악,147,0
SUB:1호선#2,37,SUB:안양,190,0
SUB:1호선#2,38,SUB:명학,172,0
SUB:1호선#2,39,SUB:금정,128,0
SUB:1호선#2,40,SUB:군포,165,0
SUB:1호선#2,41,SUB:당정,107,0
SUB:1호선#2,42,SUB:의왕,199,0
SUB:1호선#2,43,SUB:성균관대,228,0
SUB:1호선#2,44,SUB:화서,192,0
SUB:1호선#2,45,SUB:수원,168,0
SUB:1호선#2,46,SUB:세류,218,0
SUB:1호선#2,47,SUB:병점,327,0
SUB:1호선#2,48,SUB:서동탄,162,0
SUB:1호선#2:R,0,SUB:서동탄,0,0
SUB:1호선#2:R,1,SUB:병점,162,0
SUB:1호선#2:R,2,SUB:세류,327,0
SUB:1호선#2:R,3,SUB:수원,218,0
SUB:1호선#2:R,4,SUB:화서,168,0
SUB:1호선#2:R,5,SUB:성균관대,192,0
SUB:1호선#2:R,6,SUB:의왕,228,0
SUB:1호선#2:R,7,SUB:당정,199,0
SUB:1호선#2:R,8,SUB:군포,107,0
SUB:1호선#2:R,9,SUB:금정,165,0
SUB:1호선#2:R,10,SUB:명학,128,0
SUB:1호선#2:R,11,SUB:안양,172,0
SUB:1호선#2:R,12,SUB:관악,190,0
SUB:1호선#2:R,13,SUB:석수,147,0
SUB:1호선#2:R,14,SUB:금천구청,199,0
SUB:1호선#2:R,15,SUB:독산,108,0
SUB:1호선#2:R,16,SUB:가산디지털단지,149,46
SUB:1호선#2:R,17,SUB:구로,183,0
SUB:1호선#2:R,18,SUB:신도림,92,34
SUB:1호선#2:R,19,SUB:영등포,133,0
SUB:1호선#2:R,20,SUB:신길,82,101
SUB:1호선#2:R,21,SUB:대방,86,0
SUB:1호선#2:R,22,SUB:노량진,123,0
SUB:1호선#2:R,23,SUB:용산,220,0
SUB:1호선#2:R,24,SUB:남영,99,0
SUB:1호선#2:R,25,SUB:서울역,123,51
SUB:1호선#2:R,26,SUB:시청,120,42
SUB:1호선#2:R,27,SUB:종각,120,0
SUB:1호선#2:R,28,SUB:종로3가,90,119
SUB:1호선#2:R,29,SUB:종로5가,90,0
SUB:1호선#2:R,30,SUB:동대문,90,81
SUB:1호선#2:R,31,SUB:동묘앞,60,40
SUB:1호선#2:R,32,SUB:신설동,90,6
SUB:1호선#2:R,33,SUB:제기동,90,0
SUB:1호선#2:R,34,SUB:청량리,90,76
SUB:1호선#2:R,35,SUB:회기,109,0
SUB:1호선#2:R,36,SUB:외대앞,85,0
SUB:1호선#2:R,37,SUB:신이문,70,0
SUB:1호선#2:R,38,SUB:석계,130,52
SUB:1호선#2:R,39,SUB:광운대,93,0
SUB:1호선#2:R,40,SUB:월계,94,0
SUB:1호선#2:R,41,SUB:녹천,122,0
SUB:1호선#2:R,42,SUB:창동,98,35
SUB:1호선#2:R,43,SUB:방학,128,0
SUB:1호선#2:R,44,SUB:도봉,113,0
SUB:1호선#2:R,45,SUB:도봉산,105,18
SUB:1호선#2:R,46,SUB:망월사,181,0
SUB:1호선#2:R,47,SUB:회룡,143,0
SUB:1호선#2:R,48,SUB:의정부,112,0
SUB:1호선#3,0,SUB:광명,0,0
SUB:1호선#3,1,SUB:금천구청,328,0
SUB:1호선#3,2,SUB:독산,108,0
SUB:1호선#3,3,SUB:가산디지털단지,149,46
SUB:1호선#3,4,SUB:구로,183,0
SUB:1호선#3,5,SUB:신도림,92,34
SUB:1호선#3,6,SUB:영등포,133,0
SUB:1호선#3:R,0,SUB:영등포,0,0
SUB:1호선#3:R,1,SUB:신도림,133,34
SUB:1호선#3:R,2,SUB:구로,92,0
SUB:1호선#3:R,3,SUB:가산디지털단지,183,46
SUB:1호선#3:R,4,SUB:독산,149,0
SUB:1호선#3:R,5,SUB:금천구청,108,0
SUB:1호선#3:R,6,SUB:광명,328,0
SUB:2호선,0,SUB:시청,0,42
SUB:2호선,1,SUB:충정로,90,88
SUB:2호선,2,SUB:아현,90,0
SUB:2호선,3,SUB:이대,60,0
SUB:2호선,4,SUB:신촌,60,0
SUB:2호선,5,SUB:홍대입구,120,138
SUB:2호선,6,SUB:합정,90,34
SUB:2호선,7,SUB:당산,150,44
SUB:2호선,8,SUB:영등포구청,90,46
SUB:2호선,9,SUB:문래,60,0
SUB:2호선,10,SUB:신도림,120,34
SUB:2호선,11,SUB:대림,150,115
SUB:2호선,12,SUB:구로디지털단지,90,0
SUB:2호선,13,SUB:신대방,90,0
SUB:2호선,14,SUB:신림,120,36
SUB:2호선,15,SUB:봉천,90,0
SUB:2호선,16,SUB:서울대입구,60,0
SUB:2호선,17,SUB:낙성대,90,0
SUB:2호선,18,SUB:사당,120,31
SUB:2호선,19,SUB:방배,150,0
SUB:2호선,20,SUB:서초,120,0
SUB:2호선,21,SUB:교대,60,32
SUB:2호선,22,SUB:강남,90,89
SUB:2호선,23,SUB:역삼,60,0
SUB:2호선,24,SUB:선릉,90,34
SUB:2호선,25,SUB:삼성,90,0
SUB:2호선,26,SUB:종합운동장,90,39
SUB:2호선,27,SUB:잠실새내,90,0
SUB:2호선,28,SUB:잠실,90,79
SUB:2호선,29,SUB:잠실나루,90,0
SUB:2호선,30,SUB:강변,120,0
SUB:2호선,31,SUB:구의,60,0
SUB:2호선,32,SUB:건대입구,120,32
SUB:2호선,33,SUB:성수,90,0
SUB:2호선,34,SUB:뚝섬,60,0
SUB:2호선,35,SUB:한양대,90,0
SUB:2호선,36,SUB:왕십리,90,0
SUB:2호선,37,SUB:상왕십리,60,0
SUB:2호선,38,SUB:신당,60,101
SUB:2호선,39,SUB:동대문역사문화공원,90,61
SUB:2호선,40,SUB:을지로4가,90,32
SUB:2호선,41,SUB:을지로3가,60,62
SUB:2호선,42,SUB:을지로입구,60,0
SUB:2호선:R,0,SUB:을지로입구,0,0
SUB:2호선:R,1,SUB:을지로3가,60,62
SUB:2호선:R,2,SUB:을지로4가,60,32
SUB:2호선:R,3,SUB:동대문역사문화공원,90,61
SUB:2호선:R,4,SUB:신당,90,101
SUB:2호선:R,5,SUB:상왕십리,60,0
SUB:2호선:R,6,SUB:왕십리,60,0
SUB:2호선:R,7,SUB:한양대,90,0
SUB:2호선:R,8,SUB:뚝섬,90,0
SUB:2호선:R,9,SUB:성수,60,0
SUB:2호선:R,10,SUB:건대입구,90,32
SUB:2호선:R,11,SUB:구의,120,0
SUB:2호선:R,12,SUB:강변,60,0
SUB:2호선:R,13,SUB:잠실나루,120,0
SUB:2호선:R,14,SUB:잠실,90,79
SUB:2호선:R,15,SUB:잠실새내,90,0
SUB:2호선:R,16,SUB:종합운동장,90,39
SUB:2호선:R,17,SUB:삼성,90,0
SUB:2호선:R,18,SUB:선릉,90,34
SUB:2호선:R,19,SUB:역삼,90,0
SUB:2호선:R,20,SUB:강남,60,89
SUB:2호선:R,21,SUB:교대,90,32
SUB:2호선:R,22,SUB:서초,60,0
SUB:2호선:R,23,SUB:방배,120,0
SUB:2호선:R,24,SUB:사당,150,31
SUB:2호선:R,25,SUB:낙성대,120,0
SUB:2호선:R,26,SUB:서울대입구,90,0
SUB:2호선:R,27,SUB:봉천,60,0
SUB:2호선:R,28,SUB:신림,90,36
SUB:2호선:R,29,SUB:신대방,120,0
SUB:2호선:R,30,SUB:구로디지털단지,90,0
SUB:2호선:R,31,SUB:대림,90,115
SUB:2호선:R,32,SUB:신도림,150,34
SUB:2호선:R,33,SUB:문래,120,0
SUB:2호선:R,34,SUB:영등포구청,60,46
SUB:2호선:R,35,SUB:당산,90,44
SUB:2호선:R,36,SUB:합정,150,34
SUB:2호선:R,37,SUB:홍대입구,90,138
SUB:2호선:R,38,SUB:신촌,120,0
SUB:2호선:R,39,SUB:이대,60,0
SUB:2호선:R,40,SUB:아현,60,0
SUB:2호선:R,41,SUB:충정로,90,88
SUB:2호선:R,42,SUB:시청,90,42
SUB:2호선#1,0,SUB:신도림,0,34
SUB:2호선#1,1,SUB:도림천,90,0
SUB:2호선#1,2,SUB:양천구청,150,0
SUB:2호선#1,3,SUB:신정네거리,180,0
SUB:2호선#1,4,SUB:까치산,150,7
SUB:2호선#1:R,0,SUB:까치산,0,7
SUB:2호선#1:R,1,SUB:신정네거리,150,0
SUB:2호선#1:R,2,SUB:양천구청,180,0
SUB:2호선#1:R,3,SUB:도림천,150,0
SUB:2호선#1:R,4,SUB:신도림,90,34
SUB:2호선#2,0,SUB:신설동,0,126
SUB:2호선#2,1,SUB:용두,90,0
SUB:2호선#2,2,SUB:신답,90,0
SUB:2호선#2,3,SUB:용답,90,0
SUB:2호선#2,4,SUB:성수,180,0
SUB:2호선#2:R,0,SUB:성수,0,0
SUB:2호선#2:R,1,SUB:용답,180,0
SUB:2호선#2:R,2,SUB:신답,90,0
SUB:2호선#2:R,3,SUB:용두,90,0
SUB:2호선#2:R,4,SUB:신설동,90,126
SUB:3호선,0,SUB:오금,0,27
SUB:3호선,1,SUB:경찰병원,60,0
SUB:3호선,2,SUB:가락시장,60,14
SUB:3호선,3,SUB:수서,120,38
SUB:3호선,4,SUB:일원,120,0
SUB:3호선,5,SUB:대청,90,0
SUB:3호선,6,SUB:학여울,90,0
SUB:3호선,7,SUB:대치,60,0
SUB:3호선,8,SUB:도곡,60,32
SUB:3호선,9,SUB:매봉,90,0
SUB:3호선,10,SUB:양재,120,39
SUB:3호선,11,SUB:남부터미널,120,0
SUB:3호선,12,SUB:교대,90,32
SUB:3호선,13,SUB:고속터미널,120,4
SUB:3호선,14,SUB:잠원,90,0
SUB:3호선,15,SUB:신사,90,32
SUB:3호선,16,SUB:압구정,120,0
SUB:3호선,17,SUB:옥수,120,64
SUB:3호선,18,SUB:금호,60,0
SUB:3호선,19,SUB:약수,60,54
SUB:3호선,20,SUB:동대입구,60,0
SUB:3호선,21,SUB:충무로,90,7
SUB:3호선,22,SUB:을지로3가,60,62
SUB:3호선,23,SUB:종로3가,60,0
SUB:3호선,24,SUB:안국,90,0
SUB:3호선,25,SUB:경복궁,90,0
SUB:3호선,26,SUB:독립문,120,0
SUB:3호선,27,SUB:무악재,90,0
SUB:3호선,28,SUB:홍제,90,0
SUB:3호선,29,SUB:녹번,120,0
SUB:3호선,30,SUB:불광,90,42
SUB:3호선,31,SUB:연신내,90,76
SUB:3호선,32,SUB:구파발,120,0
SUB:3호선,33,SUB:지축,180,0
SUB:3호선,34,SUB:삼송,147,0
SUB:3호선,35,SUB:원흥,156,0
SUB:3호선,36,SUB:원당,208,0
SUB:3호선,37,SUB:화정,184,0
SUB:3호선,38,SUB:대곡,163,0
SUB:3호선,39,SUB:백석,180,0
SUB:3호선,40,SUB:마두,116,0
SUB:3호선,41,SUB:정발산,88,0
SUB:3호선,42,SUB:주엽,131,0
SUB:3호선,43,SUB:대화,119,0
SUB:3호선:R,0,SUB:대화,0,0
SUB:3호선:R,1,SUB:주엽,119,0
SUB:3호선:R,2,SUB:정발산,131,0
SUB:3호선:R,3,SUB:마두,88,0
SUB:3호선:R,4,SUB:백석,116,0
SUB:3호선:R,5,SUB:대곡,180,0
SUB:3호선:R,6,SUB:화정,163,0
SUB:3호선:R,7,SUB:원당,184,0
SUB:3호선:R,8,SUB:원흥,208,0
SUB:3호선:R,9,SUB:삼송,156,0
SUB:3호선:R,10,SUB:지축,147,0
SUB:3호선:R,11,SUB:구파발,180,0
SUB:3호선:R,12,SUB:연신내,120,76
SUB:3호선:R,13,SUB:불광,90,42
SUB:3호선:R,14,SUB:녹번,90,0
SUB:3호선:R,15,SUB:홍제,120,0
SUB:3호선:R,16,SUB:무악재,90,0
SUB:3호선:R,17,SUB:독립문,90,0
SUB:3호선:R,18,SUB:경복궁,120,0
SUB:3호선:R,19,SUB:안국,90,0
SUB:3호선:R,20,SUB:종로3가,90,0
SUB:3호선:R,21,SUB:을지로3가,60,62
SUB:3호선:R,22,SUB:충무로,60,7
SUB:3호선:R,23,SUB:동대입구,90,0
SUB:3호선:R,24,SUB:약수,60,54
SUB:3호선:R,25,SUB:금호,60,0
SUB:3호선:R,26,SUB:옥수,60,64
SUB:3호선:R,27,SUB:압구정,120,0
SUB:3호선:R,28,SUB:신사,120,32
SUB:3호선:R,29,SUB:잠원,90,0
SUB:3호선:R,30,SUB:고속터미널,90,4
SUB:3호선:R,31,SUB:교대,120,32
SUB:3호선:R,32,SUB:남부터미널,90,0
SUB:3호선:R,33,SUB:양재,120,39
SUB:3호선:R,34,SUB:매봉,120,0
SUB:3호선:R,35,SUB:도곡,90,32
SUB:3호선:R,36,SUB:대치,60,0
SUB:3호선:R,37,SUB:학여울,60,0
SUB:3호선:R,38,SUB:대청,90,0
SUB:3호선:R,39,SUB:일원,90,0
SUB:3호선:R,40,SUB:수서,120,38
SUB:3호선:R,41,SUB:가락시장,120,14
SUB:3호선:R,42,SUB:경찰병원,60,0
SUB:3호선:R,43,SUB:오금,60,27
SUB:4호선,0,SUB:오이도,0,0
SUB:4호선,1,SUB:정왕,108,0
SUB:4호선,2,SUB:신길온천,204,0
SUB:4호선,3,SUB:안산,178,0
SUB:4호선,4,SUB:초지,137,0
SUB:4호선,5,SUB:고잔,133,0
SUB:4호선,6,SUB:중앙,117,0
SUB:4호선,7,SUB:한대앞,126,0
SUB:4호선,8,SUB:상록수,120,0
SUB:4호선,9,SUB:반월,260,0
SUB:4호선,10,SUB:대야미,166,0
SUB:4호선,11,SUB:수리산,204,0
SUB:4호선,12,SUB:산본,95,0
SUB:4호선,13,SUB:금정,152,0
SUB:4호선,14,SUB:범계,169,0
SUB:4호선,15,SUB:평촌,109,0
SUB:4호선,16,SUB:인덕원,120,0
SUB:4호선,17,SUB:정부과천청사,229,0
SUB:4호선,18,SUB:과천,90,0
SUB:4호선,19,SUB:대공원,82,0
SUB:4호선,20,SUB:경마공원,91,0
SUB:4호선,21,SUB:선바위,84,0
SUB:4호선,22,SUB:남태령,156,0
SUB:4호선,23,SUB:사당,90,31
SUB:4호선,24,SUB:총신대입구,90,72
SUB:4호선,25,SUB:동작,150,102
SUB:4호선,26,SUB:이촌,180,32
SUB:4호선,27,SUB:신용산,90,0
SUB:4호선,28,SUB:삼각지,60,64
SUB:4호선,29,SUB:숙대입구,90,0
SUB:4호선,30,SUB:서울역,90,82
SUB:4호선,31,SUB:회현,90,0
SUB:4호선,32,SUB:명동,60,0
SUB:4호선,33,SUB:충무로,60,7
SUB:4호선,34,SUB:동대문역사문화공원,120,0
SUB:4호선,35,SUB:동대문,60,81
SUB:4호선,36,SUB:혜화,120,0
SUB:4호선,37,SUB:한성대입구,90,0
SUB:4호선,38,SUB:성신여대입구,90,3
SUB:4호선,39,SUB:길음,120,0
SUB:4호선,40,SUB:미아사거리,90,0
SUB:4호선,41,SUB:미아,120,0
SUB:4호선,42,SUB:수유,90,0
SUB:4호선,43,SUB:쌍문,120,0
SUB:4호선,44,SUB:창동,90,35
SUB:4호선,45,SUB:노원,120,116
SUB:4호선,46,SUB:상계,90,0
SUB:4호선,47,SUB:불암산,90,0
SUB:4호선:R,0,SUB:불암산,0,0
SUB:4호선:R,1,SUB:상계,90,0
SUB:4호선:R,2,SUB:노원,90,116
SUB:4호선:R,3,SUB:창동,120,35
SUB:4호선:R,4,SUB:쌍문,90,0
SUB:4호선:R,5,SUB:수유,120,0
SUB:4호선:R,6,SUB:미아,90,0
SUB:4호선:R,7,SUB:미아사거리,120,0
SUB:4호선:R,8,SUB:길음,90,0
SUB:4호선:R,9,SUB:성신여대입구,120,3
SUB:4호선:R,10,SUB:한성대입구,90,0
SUB:4호선:R,11,SUB:혜화,90,0
SUB:4호선:R,12,SUB:동대문,120,81
SUB:4호선:R,13,SUB:동대문역사문화공원,60,0
SUB:4호선:R,14,SUB:충무로,120,7
SUB:4호선:R,15,SUB:명동,60,0
SUB:4호선:R,16,SUB:회현,60,0
SUB:4호선:R,17,SUB:서울역,90,82
SUB:4호선:R,18,SUB:숙대입구,90,0
SUB:4호선:R,19,SUB:삼각지,90,64
SUB:4호선:R,20,SUB:신용산,60,0
SUB:4호선:R,21,SUB:이촌,90,32
SUB:4호선:R,22,SUB:동작,180,102
SUB:4호선:R,23,SUB:총신대입구,150,72
SUB:4호선:R,24,SUB:사당,90,31
SUB:4호선:R,25,SUB:남태령,90,0
SUB:4호선:R,26,SUB:선바위,156,0
SUB:4호선:R,27,SUB:경마공원,84,0
SUB:4호선:R,28,SUB:대공원,91,0
SUB:4호선:R,29,SUB:과천,82,0
SUB:4호선:R,30,SUB:정부과천청사,90,0
SUB:4호선:R,31,SUB:인덕원,229,0
SUB:4호선:R,32,SUB:평촌,120,0
SUB:4호선:R,33,SUB:범계,109,0
SUB:4호선:R,34,SUB:금정,169,0
SUB:4호선:R,35,SUB:산본,152,0
SUB:4호선:R,36,SUB:수리산,95,0
SUB:4호선:R,37,SUB:대야미,204,0
SUB:4호선:R,38,SUB:반월,166,0
SUB:4호선:R,39,SUB:상록수,260,0
SUB:4호선:R,40,SUB:한대앞,120,0
SUB:4호선:R,41,SUB:중앙,126,0
SUB:4호선:R,42,SUB:고잔,117,0
SUB:4호선:R,43,SUB:초지,133,0
SUB:4호선:R,44,SUB:안산,137,0
SUB:4호선:R,45,SUB:신길온천,178,0
SUB:4호선:R,46,SUB:정왕,204,0
SUB:4호선:R,47,SUB:오이도,108,0
SUB:4호선#1,0,SUB:진접,0,0
SUB:4호선#1,1,SUB:오남,158,0
SUB:4호선#1,2,SUB:별내별가람,560,0
SUB:4호선#1,3,SUB:불암산,256,0
SUB:4호선#1,4,SUB:상계,90,0
SUB:4호선#1,5,SUB:노원,90,116
SUB:4호선#1,6,SUB:창동,120,35
SUB:4호선#1,7,SUB:쌍문,90,0
SUB:4호선#1,8,SUB:수유,120,0
SUB:4호선#1,9,SUB:미아,90,0
SUB:4호선#1,10,SUB:미아사거리,120,0
SUB:4호선#1,11,SUB:길음,90,0
SUB:4호선#1,12,SUB:성신여대입구,120,3
SUB:4호선#1,13,SUB:한성대입구,90,0
SUB:4호선#1,14,SUB:혜화,90,0
SUB:4호선#1,15,SUB:동대문,120,81
SUB:4호선#1,16,SUB:동대문역사문화공원,60,0
SUB:4호선#1,17,SUB:충무로,120,7
SUB:4호선#1,18,SUB:명동,60,0
SUB:4호선#1,19,SUB:회현,60,0
SUB:4호선#1,20,SUB:서울역,90,82
SUB:4호선#1,21,SUB:숙대입구,90,0
SUB:4호선#1,22,SUB:삼각지,90,64
SUB:4호선#1,23,SUB:신용산,60,0
SUB:4호선#1,24,SUB:이촌,90,32
SUB:4호선#1,25,SUB:동작,180,102
SUB:4호선#1,26,SUB:총신대입구,150,72
SUB:4호선#1,27,SUB:사당,90,31
SUB:4호선#1,28,SUB:남태령,90,0
SUB:4호선#1:R,0,SUB:남태령,0,0
SUB:4호선#1:R,1,SUB:사당,90,31
SUB:4호선#1:R,2,SUB:총신대입구,90,72
SUB:4호선#1:R,3,SUB:동작,150,102
SUB:4호선#1:R,4,SUB:이촌,180,32
SUB:4호선#1:R,5,SUB:신용산,90,0
SUB:4호선#1:R,6,SUB:삼각지,60,64
SUB:4호선#1:R,7,SUB:숙대입구,90,0
SUB:4호선#1:R,8,SUB:서울역,90,82
SUB:4호선#1:R,9,SUB:회현,90,0
SUB:4호선#1:R,10,SUB:명동,60,0
SUB:4호선#1:R,11,SUB:충무로,60,7
SUB:4호선#1:R,12,SUB:동대문역사문화공원,120,0
SUB:4호선#1:R,13,SUB:동대문,60,81
SUB:4호선#1:R,14,SUB:혜화,120,0
SUB:4호선#1:R,15,SUB:한성대입구,90,0
SUB:4호선#1:R,16,SUB:성신여대입구,90,3
SUB:4호선#1:R,17,SUB:길음,120,0
SUB:4호선#1:R,18,SUB:미아사거리,90,0
SUB:4호선#1:R,19,SUB:미아,120,0
SUB:4호선#1:R,20,SUB:수유,90,0
SUB:4호선#1:R,21,SUB:쌍문,120,0
SUB:4호선#1:R,22,SUB:창동,90,35
SUB:4호선#1:R,23,SUB:노원,120,116
SUB:4호선#1:R,24,SUB:상계,90,0
SUB:4호선#1:R,25,SUB:불암산,90,0
SUB:4호선#1:R,26,SUB:별내별가람,256,0
SUB:4호선#1:R,27,SUB:오남,560,0
SUB:4호선#1:R,28,SUB:진접,158,0
SUB:5호선,0,SUB:하남검단산,0,0
SUB:5호선,1,SUB:하남시청,150,0
SUB:5호선,2,SUB:하남풍산,110,0
SUB:5호선,3,SUB:미사,150,0
SUB:5호선,4,SUB:강일,110,0
SUB:5호선,5,SUB:상일동,110,0
SUB:5호선,6,SUB:고덕,100,0
SUB:5호선,7,SUB:명일,100,0
SUB:5호선,8,SUB:굽은다리,70,0
SUB:5호선,9,SUB:길동,70,0
SUB:5호선,10,SUB:강동,90,0
SUB:5호선,11,SUB:천호,70,14
SUB:5호선,12,SUB:광나루,130,0
SUB:5호선,13,SUB:아차산,110,0
SUB:5호선,14,SUB:군자,90,32
SUB:5호선,15,SUB:장한평,100,0
SUB:5호선,16,SUB:답십리,100,0
SUB:5호선,17,SUB:마장,100,0
SUB:5호선,18,SUB:왕십리,60,97
SUB:5호선,19,SUB:행당,70,0
SUB:5호선,20,SUB:신금호,80,0
SUB:5호선,21,SUB:청구,90,44
SUB:5호선,22,SUB:동대문역사문화공원,80,112
SUB:5호선,23,SUB:을지로4가,90,32
SUB:5호선,24,SUB:종로3가,100,119
SUB:5호선,25,SUB:광화문,100,0
SUB:5호선,26,SUB:서대문,90,0
SUB:5호선,27,SUB:충정로,60,88
SUB:5호선,28,SUB:애오개,80,0
SUB:5호선,29,SUB:공덕,80,45
SUB:5호선,30,SUB:마포,70,0
SUB:5호선,31,SUB:여의나루,120,0
SUB:5호선,32,SUB:여의도,80,28
SUB:5호선,33,SUB:신길,90,101
SUB:5호선,34,SUB:영등포시장,90,0
SUB:5호선,35,SUB:영등포구청,70,46
SUB:5호선,36,SUB:양평,70,0
SUB:5호선,37,SUB:오목교,80,0
SUB:5호선,38,SUB:목동,80,0
SUB:5호선,39,SUB:신정,70,0
SUB:5호선,40,SUB:까치산,110,7
SUB:5호선,41,SUB:화곡,90,0
SUB:5호선,42,SUB:우장산,90,0
SUB:5호선,43,SUB:발산,90,0
SUB:5호선,44,SUB:마곡,100,0
SUB:5호선,45,SUB:송정,90,0
SUB:5호선,46,SUB:김포공항,130,55
SUB:5호선,47,SUB:개화산,100,0
SUB:5호선,48,SUB:방화,90,0
SUB:5호선:R,0,SUB:방화,0,0
SUB:5호선:R,1,SUB:개화산,90,0
SUB:5호선:R,2,SUB:김포공항,100,55
SUB:5호선:R,3,SUB:송정,130,0
SUB:5호선:R,4,SUB:마곡,90,0
SUB:5호선:R,5,SUB:발산,100,0
SUB:5호선:R,6,SUB:우장산,90,0
SUB:5호선:R,7,SUB:화곡,90,0
SUB:5호선:R,8,SUB:까치산,90,7
SUB:5호선:R,9,SUB:신정,110,0
SUB:5호선:R,10,SUB:목동,70,0
SUB:5호선:R,11,SUB:오목교,80,0
SUB:5호선:R,12,SUB:양평,80,0
SUB:5호선:R,13,SUB:영등포구청,70,46
SUB:5호선:R,14,SUB:영등포시장,70,0
SUB:5호선:R,15,SUB:신길,90,101
SUB:5호선:R,16,SUB:여의도,90,28
SUB:5호선:R,17,SUB:여의나루,80,0
SUB:5호선:R,18,SUB:마포,120,0
SUB:5호선:R,19,SUB:공덕,70,45
SUB:5호선:R,20,SUB:애오개,80,0
SUB:5호선:R,21,SUB:충정로,80,88
SUB:5호선:R,22,SUB:서대문,60,0
SUB:5호선:R,23,SUB:광화문,90,0
SUB:5호선:R,24,SUB:종로3가,100,119
SUB:5호선:R,25,SUB:을지로4가,100,32
SUB:5호선:R,26,SUB:동대문역사문화공원,90,112
SUB:5호선:R,27,SUB:청구,80,44
SUB:5호선:R,28,SUB:신금호,90,0
SUB:5호선:R,29,SUB:행당,80,0
SUB:5호선:R,30,SUB:왕십리,70,97
SUB:5호선:R,31,SUB:마장,60,0
SUB:5호선:R,32,SUB:답십리,100,0
SUB:5호선:R,33,SUB:장한평,100,0
SUB:5호선:R,34,SUB:군자,100,32
SUB:5호선:R,35,SUB:아차산,90,0
SUB:5호선:R,36,SUB:광나루,110,0
SUB:5호선:R,37,SUB:천호,130,14
SUB:5호선:R,38,SUB:강동,70,0
SUB:5호선:R,39,SUB:길동,90,0
SUB:5호선:R,40,SUB:굽은다리,70,0
SUB:5호선:R,41,SUB:명일,70,0
SUB:5호선:R,42,SUB:고덕,100,0
SUB:5호선:R,43,SUB:상일동,100,0
SUB:5호선:R,44,SUB:강일,110,0
SUB:5호선:R,45,SUB:미사,110,0
SUB:5호선:R,46,SUB:하남풍산,150,0
SUB:5호선:R,47,SUB:하남시청,110,0
SUB:5호선:R,48,SUB:하남검단산,150,0
SUB:5호선#1,0,SUB:방화,0,0
SUB:5호선#1,1,SUB:개화산,90,0
SUB:5호선#1,2,SUB:김포공항,100,55
SUB:5호선#1,3,SUB:송정,130,0
SUB:5호선#1,4,SUB:마곡,90,0
SUB:5호선#1,5,SUB:발산,100,0
SUB:5호선#1,6,SUB:우장산,90,0
SUB:5호선#1,7,SUB:화곡,90,0
SUB:5호선#1,8,SUB:까치산,90,7
SUB:5호선#1,9,SUB:신정,110,0
SUB:5호선#1,10,SUB:목동,70,0
SUB:5호선#1,11,SUB:오목교,80,0
SUB:5호선#1,12,SUB:양평,80,0
SUB:5호선#1,13,SUB:영등포구청,70,46
SUB:5호선#1,14,SUB:영등포시장,70,0
SUB:5호선#1,15,SUB:신길,90,101
SUB:5호선#1,16,SUB:여의도,90,28
SUB:5호선#1,17,SUB:여의나루,80,0
SUB:5호선#1,18,SUB:마포,120,0
SUB:5호선#1,19,SUB:공덕,70,45
SUB:5호선#1,20,SUB:애오개,80,0
SUB:5호선#1,21,SUB:충정로,80,88
SUB:5호선#1,22,SUB:서대문,60,0
SUB:5호선#1,23,SUB:광화문,90,0
SUB:5호선#1,24,SUB:종로3가,100,119
SUB:5호선#1,25,SUB:을지로4가,100,32
SUB:5호선#1,26,SUB:동대문역사문화공원,90,112
SUB:5호선#1,27,SUB:청구,80,44
SUB:5호선#1,28,SUB:신금호,90,0
SUB:5호선#1,29,SUB:행당,80,0
SUB:5호선#1,30,SUB:왕십리,70,97
SUB:5호선#1,31,SUB:마장,60,0
SUB:5호선#1,32,SUB:답십리,100,0
SUB:5호선#1,33,SUB:장한평,100,0
SUB:5호선#1,34,SUB:군자,100,32
SUB:5호선#1,35,SUB:아차산,90,0
SUB:5호선#1,36,SUB:광나루,110,0
SUB:5호선#1,37,SUB:천호,130,14
SUB:5호선#1,38,SUB:강동,70,0
SUB:5호선#1,39,SUB:둔촌동,110,0
SUB:5호선#1,40,SUB:올림픽공원,100,39
SUB:5호선#1,41,SUB:방이,80,0
SUB:5호선#1,42,SUB:오금,80,27
SUB:5호선#1,43,SUB:개롱,70,0
SUB:5호선#1,44,SUB:거여,80,0
SUB:5호선#1,45,SUB:마천,90,0
SUB:5호선#1:R,0,SUB:마천,0,0
SUB:5호선#1:R,1,SUB:거여,90,0
SUB:5호선#1:R,2,SUB:개롱,80,0
SUB:5호선#1:R,3,SUB:오금,70,27
SUB:5호선#1:R,4,SUB:방이,80,0
SUB:5호선#1:R,5,SUB:올림픽공원,80,39
SUB:5호선#1:R,6,SUB:둔촌동,100,0
SUB:5호선#1:R,7,SUB:강동,110,0
SUB:5호선#1:R,8,SUB:천호,70,14
SUB:5호선#1:R,9,SUB:광나루,130,0
SUB:5호선#1:R,10,SUB:아차산,110,0
SUB:5호선#1:R,11,SUB:군자,90,32
SUB:5호선#1:R,12,SUB:장한평,100,0
SUB:5호선#1:R,13,SUB:답십리,100,0
SUB:5호선#1:R,14,SUB:마장,100,0
SUB:5호선#1:R,15,SUB:왕십리,60,97
SUB:5호선#1:R,16,SUB:행당,70,0
SUB:5호선#1:R,17,SUB:신금호,80,0
SUB:5호선#1:R,18,SUB:청구,90,44
SUB:5호선#1:R,19,SUB:동대문역사문화공원,80,112
SUB:5호선#1:R,20,SUB:을지로4가,90,32
SUB:5호선#1:R,21,SUB:종로3가,100,119
SUB:5호선#1:R,22,SUB:광화문,100,0
SUB:5호선#1:R,23,SUB:서대문,90,0
SUB:5호선#1:R,24,SUB:충정로,60,88
SUB:5호선#1:R,25,SUB:애오개,80,0
SUB:5호선#1:R,26,SUB:공덕,80,45
SUB:5호선#1:R,27,SUB:마포,70,0
SUB:5호선#1:R,28,SUB:여의나루,120,0
SUB:5호선#1:R,29,SUB:여의도,80,28
SUB:5호선#1:R,30,SUB:신길,90,101
SUB:5호선#1:R,31,SUB:영등포시장,90,0
SUB:5호선#1:R,32,SUB:영등포구청,70,46
SUB:5호선#1:R,33,SUB:양평,70,0
SUB:5호선#1:R,34,SUB:오목교,80,0
SUB:5호선#1:R,35,SUB:목동,80,0
SUB:5호선#1:R,36,SUB:신정,70,0
SUB:5호선#1:R,37,SUB:까치산,110,7
SUB:5호선#1:R,38,SUB:화곡,90,0
SUB:5호선#1:R,39,SUB:우장산,90,0
SUB:5호선#1:R,40,SUB:발산,90,0
SUB:5호선#1:R,41,SUB:마곡,100,0
SUB:5호선#1:R,42,SUB:송정,90,0
SUB:5호선#1:R,43,SUB:김포공항,130,55
SUB:5호선#1:R,44,SUB:개화산,100,0
SUB:5호선#1:R,45,SUB:방화,90,0
SUB:6호선,0,SUB:응암,0,0
SUB:6호선,1,SUB:역촌,100,0
SUB:6호선,2,SUB:불광,80,42
SUB:6호선,3,SUB:독바위,80,0
SUB:6호선,4,SUB:연신내,130,76
SUB:6호선,5,SUB:구산,80,0
SUB:6호선,6,SUB:응암,120,0
SUB:6호선,7,SUB:새절,80,0
SUB:6호선,8,SUB:증산,80,0
SUB:6호선,9,SUB:디지털미디어시티,80,46
SUB:6호선,10,SUB:월드컵경기장,70,0
SUB:6호선,11,SUB:마포구청,70,0
SUB:6호선,12,SUB:망원,80,0
SUB:6호선,13,SUB:합정,80,34
SUB:6호선,14,SUB:상수,70,0
SUB:6호선,15,SUB:광흥창,70,0
SUB:6호선,16,SUB:대흥,90,0
SUB:6호선,17,SUB:공덕,80,16
SUB:6호선,18,SUB:효창공원앞,80,46
SUB:6호선,19,SUB:삼각지,90,64
SUB:6호선,20,SUB:녹사평,100,0
SUB:6호선,21,SUB:이태원,70,0
SUB:6호선,22,SUB:한강진,90,0
SUB:6호선,23,SUB:버티고개,90,0
SUB:6호선,24,SUB:약수,70,54
SUB:6호선,25,SUB:청구,70,44
SUB:6호선,26,SUB:신당,70,101
SUB:6호선,27,SUB:동묘앞,60,40
SUB:6호선,28,SUB:창신,80,0
SUB:6호선,29,SUB:보문,70,36
SUB:6호선,30,SUB:안암,70,0
SUB:6호선,31,SUB:고려대,70,0
SUB:6호선,32,SUB:월곡,100,0
SUB:6호선,33,SUB:상월곡,70,0
SUB:6호선,34,SUB:돌곶이,70,0
SUB:6호선,35,SUB:석계,80,52
SUB:6호선,36,SUB:태릉입구,70,19
SUB:6호선,37,SUB:화랑대,70,0
SUB:6호선,38,SUB:봉화산,80,0
SUB:6호선,39,SUB:신내,270,21
SUB:6호선:R,0,SUB:신내,0,21
SUB:6호선:R,1,SUB:봉화산,270,0
SUB:6호선:R,2,SUB:화랑대,80,0
SUB:6호선:R,3,SUB:태릉입구,70,19
SUB:6호선:R,4,SUB:석계,70,52
SUB:6호선:R,5,SUB:돌곶이,80,0
SUB:6호선:R,6,SUB:상월곡,70,0
SUB:6호선:R,7,SUB:월곡,70,0
SUB:6호선:R,8,SUB:고려대,100,0
SUB:6호선:R,9,SUB:안암,70,0
SUB:6호선:R,10,SUB:보문,70,36
SUB:6호선:R,11,SUB:창신,70,0
SUB:6호선:R,12,SUB:동묘앞,80,40
SUB:6호선:R,13,SUB:신당,60,101
SUB:6호선:R,14,SUB:청구,70,44
SUB:6호선:R,15,SUB:약수,70,54
SUB:6호선:R,16,SUB:버티고개,70,0
SUB:6호선:R,17,SUB:한강진,90,0
SUB:6호선:R,18,SUB:이태원,90,0
SUB:6호선:R,19,SUB:녹사평,70,0
SUB:6호선:R,20,SUB:삼각지,100,64
SUB:6호선:R,21,SUB:효창공원앞,90,46
SUB:6호선:R,22,SUB:공덕,80,16
SUB:6호선:R,23,SUB:대흥,80,0
SUB:6호선:R,24,SUB:광흥창,90,0
SUB:6호선:R,25,SUB:상수,70,0
SUB:6호선:R,26,SUB:합정,70,34
SUB:6호선:R,27,SUB:망원,80,0
SUB:6호선:R,28,SUB:마포구청,80,0
SUB:6호선:R,29,SUB:월드컵경기장,70,0
SUB:6호선:R,30,SUB:디지털미디어시티,70,46
SUB:6호선:R,31,SUB:증산,80,0
SUB:6호선:R,32,SUB:새절,80,0
SUB:6호선:R,33,SUB:응암,80,0
SUB:6호선:R,34,SUB:구산,120,0
SUB:6호선:R,35,SUB:연신내,80,76
SUB:6호선:R,36,SUB:독바위,130,0
SUB:6호선:R,37,SUB:불광,80,42
SUB:6호선:R,38,SUB:역촌,80,0
SUB:6호선:R,39,SUB:응암,100,0
SUB:7호선,0,SUB:석남,0,0
SUB:7호선,1,SUB:산곡,191,0
SUB:7호선,2,SUB:부평구청,122,0
SUB:7호선,3,SUB:굴포천,93,0
SUB:7호선,4,SUB:삼산체육관,90,0
SUB:7호선,5,SUB:상동,90,0
SUB:7호선,6,SUB:부천시청,85,0
SUB:7호선,7,SUB:신중동,104,0
SUB:7호선,8,SUB:춘의,90,0
SUB:7호선,9,SUB:부천종합운동장,87,0
SUB:7호선,10,SUB:까치울,108,0
SUB:7호선,11,SUB:온수,153,42
SUB:7호선,12,SUB:천왕,140,0
SUB:7호선,13,SUB:광명사거리,120,0
SUB:7호선,14,SUB:철산,110,0
SUB:7호선,15,SUB:가산디지털단지,120,46
SUB:7호선,16,SUB:남구로,80,0
SUB:7호선,17,SUB:대림,90,115
SUB:7호선,18,SUB:신풍,120,0
SUB:7호선,19,SUB:보라매,140,30
SUB:7호선,20,SUB:신대방삼거리,70,0
SUB:7호선,21,SUB:장승배기,110,0
SUB:7호선,22,SUB:상도,150,0
SUB:7호선,23,SUB:숭실대입구,70,0
SUB:7호선,24,SUB:남성,150,0
SUB:7호선,25,SUB:이수,80,72
SUB:7호선,26,SUB:내방,90,0
SUB:7호선,27,SUB:고속터미널,150,137
SUB:7호선,28,SUB:반포,90,0
SUB:7호선,29,SUB:논현,70,34
SUB:7호선,30,SUB:학동,80,0
SUB:7호선,31,SUB:강남구청,70,52
SUB:7호선,32,SUB:청담,90,0
SUB:7호선,33,SUB:자양,150,0
SUB:7호선,34,SUB:건대입구,90,32
SUB:7호선,35,SUB:어린이대공원,80,0
SUB:7호선,36,SUB:군자,80,32
SUB:7호선,37,SUB:중곡,80,0
SUB:7호선,38,SUB:용마산,80,0
SUB:7호선,39,SUB:사가정,70,0
SUB:7호선,40,SUB:면목,70,0
SUB:7호선,41,SUB:상봉,70,42
SUB:7호선,42,SUB:중화,110,0
SUB:7호선,43,SUB:먹골,80,0
SUB:7호선,44,SUB:태릉입구,70,19
SUB:7호선,45,SUB:공릉,60,0
SUB:7호선,46,SUB:하계,90,0
SUB:7호선,47,SUB:중계,70,0
SUB:7호선,48,SUB:노원,80,116
SUB:7호선,49,SUB:마들,90,0
SUB:7호선,50,SUB:수락산,120,0
SUB:7호선,51,SUB:도봉산,140,18
SUB:7호선,52,SUB:장암,270,0
SUB:7호선:R,0,SUB:장암,0,0
SUB:7호선:R,1,SUB:도봉산,270,18
SUB:7호선:R,2,SUB:수락산,140,0
SUB:7호선:R,3,SUB:마들,120,0
SUB:7호선:R,4,SUB:노원,90,116
SUB:7호선:R,5,SUB:중계,80,0
SUB:7호선:R,6,SUB:하계,70,0
SUB:7호선:R,7,SUB:공릉,90,0
SUB:7호선:R,8,SUB:태릉입구,60,19
SUB:7호선:R,9,SUB:먹골,70,0
SUB:7호선:R,10,SUB:중화,80,0
SUB:7호선:R,11,SUB:상봉,110,42
SUB:7호선:R,12,SUB:면목,70,0
SUB:7호선:R,13,SUB:사가정,70,0
SUB:7호선:R,14,SUB:용마산,70,0
SUB:7호선:R,15,SUB:중곡,80,0
SUB:7호선:R,16,SUB:군자,80,32
SUB:7호선:R,17,SUB:어린이대공원,80,0
SUB:7호선:R,18,SUB:건대입구,80,32
SUB:7호선:R,19,SUB:자양,90,0
SUB:7호선:R,20,SUB:청담,150,0
SUB:7호선:R,21,SUB:강남구청,90,52
SUB:7호선:R,22,SUB:학동,70,0
SUB:7호선:R,23,SUB:논현,80,34
SUB:7호선:R,24,SUB:반포,70,0
SUB:7호선:R,25,SUB:고속터미널,90,137
SUB:7호선:R,26,SUB:내방,150,0
SUB:7호선:R,27,SUB:이수,90,72
SUB:7호선:R,28,SUB:남성,80,0
SUB:7호선:R,29,SUB:숭실대입구,150,0
SUB:7호선:R,30,SUB:상도,70,0
SUB:7호선:R,31,SUB:장승배기,150,0
SUB:7호선:R,32,SUB:신대방삼거리,110,0
SUB:7호선:R,33,SUB:보라매,70,30
SUB:7호선:R,34,SUB:신풍,140,0
SUB:7호선:R,35,SUB:대림,120,115
SUB:7호선:R,36,SUB:남구로,90,0
SUB:7호선:R,37,SUB:가산디지털단지,80,46
SUB:7호선:R,38,SUB:철산,120,0
SUB:7호선:R,39,SUB:광명사거리,110,0
SUB:7호선:R,40,SUB:천왕,120,0
SUB:7호선:R,41,SUB:온수,140,42
SUB:7호선:R,42,SUB:까치울,153,0
SUB:7호선:R,43,SUB:부천종합운동장,108,0
SUB:7호선:R,44,SUB:춘의,87,0
SUB:7호선:R,45,SUB:신중동,90,0
SUB:7호선:R,46,SUB:부천시청,104,0
SUB:7호선:R,47,SUB:상동,85,0
SUB:7호선:R,48,SUB:삼산체육관,90,0
SUB:7호선:R,49,SUB:굴포천,90,0
SUB:7호선:R,50,SUB:부평구청,93,0
SUB:7호선:R,51,SUB:산곡,122,0
SUB:7호선:R,52,SUB:석남,191,0
SUB:8호선,0,SUB:모란,0,42
SUB:8호선,1,SUB:수진,90,0
SUB:8호선,2,SUB:신흥,70,0
SUB:8호선,3,SUB:단대오거리,70,0
SUB:8호선,4,SUB:남한산성입구,70,0
SUB:8호선,5,SUB:산성,130,0
SUB:8호선,6,SUB:남위례,100,0
SUB:8호선,7,SUB:복정,110,6
SUB:8호선,8,SUB:장지,70,0
SUB:8호선,9,SUB:문정,70,0
SUB:8호선,10,SUB:가락시장,70,14
SUB:8호선,11,SUB:송파,70,0
SUB:8호선,12,SUB:석촌,70,34
SUB:8호선,13,SUB:잠실,110,79
SUB:8호선,14,SUB:몽촌토성,70,0
SUB:8호선,15,SUB:강동구청,120,0
SUB:8호선,16,SUB:천호,80,14
SUB:8호선,17,SUB:암사,90,0
SUB:8호선,18,SUB:암사역사공원,90,0
SUB:8호선,19,SUB:장자호수공원,249,0
SUB:8호선,20,SUB:구리,140,0
SUB:8호선,21,SUB:동구릉,91,0
SUB:8호선,22,SUB:다산,148,0
SUB:8호선,23,SUB:별내,213,0
SUB:8호선:R,0,SUB:별내,0,0
SUB:8호선:R,1,SUB:다산,213,0
SUB:8호선:R,2,SUB:동구릉,148,0
SUB:8호선:R,3,SUB:구리,91,0
SUB:8호선:R,4,SUB:장자호수공원,140,0
SUB:8호선:R,5,SUB:암사역사공원,249,0
SUB:8호선:R,6,SUB:암사,90,0
SUB:8호선:R,7,SUB:천호,90,14
SUB:8호선:R,8,SUB:강동구청,80,0
SUB:8호선:R,9,SUB:몽촌토성,120,0
SUB:8호선:R,10,SUB:잠실,70,79
SUB:8호선:R,11,SUB:석촌,110,34
SUB:8호선:R,12,SUB:송파,70,0
SUB:8호선:R,13,SUB:가락시장,70,14
SUB:8호선:R,14,SUB:문정,70,0
SUB:8호선:R,15,SUB:장지,70,0
SUB:8호선:R,16,SUB:복정,70,6
SUB:8호선:R,17,SUB:남위례,110,0
SUB:8호선:R,18,SUB:산성,100,0
SUB:8호선:R,19,SUB:남한산성입구,130,0
SUB:8호선:R,20,SUB:단대오거리,70,0
SUB:8호선:R,21,SUB:신흥,70,0
SUB:8호선:R,22,SUB:수진,70,0
SUB:8호선:R,23,SUB:모란,90,42
SUB:9호선,0,SUB:중앙보훈병원,0,0
SUB:9호선,1,SUB:둔촌오륜,112,0
SUB:9호선,2,SUB:올림픽공원,80,39
SUB:9호선,3,SUB:한성백제,108,0
SUB:9호선,4,SUB:송파나루,70,0
SUB:9호선,5,SUB:석촌,83,34
SUB:9호선,6,SUB:석촌고분,89,0
SUB:9호선,7,SUB:삼전,83,0
SUB:9호선,8,SUB:종합운동장,112,39
SUB:9호선,9,SUB:봉은사,118,0
SUB:9호선,10,SUB:삼성중앙,64,0
SUB:9호선,11,SUB:선정릉,87,0
SUB:9호선,12,SUB:언주,87,0
SUB:9호선,13,SUB:신논현,84,0
SUB:9호선,14,SUB:사평,81,0
SUB:9호선,15,SUB:고속터미널,87,125
SUB:9호선,16,SUB:신반포,76,0
SUB:9호선,17,SUB:구반포,85,0
SUB:9호선,18,SUB:동작,60,102
SUB:9호선,19,SUB:흑석,136,0
SUB:9호선,20,SUB:노들,95,0
SUB:9호선,21,SUB:노량진,95,0
SUB:9호선,22,SUB:샛강,110,0
SUB:9호선,23,SUB:여의도,66,28
SUB:9호선,24,SUB:국회의사당,79,0
SUB:9호선,25,SUB:당산,135,44
SUB:9호선,26,SUB:선유도,81,0
SUB:9호선,27,SUB:신목동,104,0
SUB:9호선,28,SUB:염창,75,0
SUB:9호선,29,SUB:등촌,97,0
SUB:9호선,30,SUB:증미,74,0
SUB:9호선,31,SUB:가양,74,0
SUB:9호선,32,SUB:양천향교,124,0
SUB:9호선,33,SUB:마곡나루,106,0
SUB:9호선,34,SUB:신방화,84,0
SUB:9호선,35,SUB:공항시장,78,0
SUB:9호선,36,SUB:김포공항,79,33
SUB:9호선,37,SUB:개화,152,0
SUB:9호선:R,0,SUB:개화,0,0
SUB:9호선:R,1,SUB:김포공항,152,33
SUB:9호선:R,2,SUB:공항시장,79,0
SUB:9호선:R,3,SUB:신방화,78,0
SUB:9호선:R,4,SUB:마곡나루,84,0
SUB:9호선:R,5,SUB:양천향교,106,0
SUB:9호선:R,6,SUB:가양,124,0
SUB:9호선:R,7,SUB:증미,74,0
SUB:9호선:R,8,SUB:등촌,74,0
SUB:9호선:R,9,SUB:염창,97,0
SUB:9호선:R,10,SUB:신목동,75,0
SUB:9호선:R,11,SUB:선유도,104,0
SUB:9호선:R,12,SUB:당산,81,44
SUB:9호선:R,13,SUB:국회의사당,135,0
SUB:9호선:R,14,SUB:여의도,79,28
SUB:9호선:R,15,SUB:샛강,66,0
SUB:9호선:R,16,SUB:노량진,110,0
SUB:9호선:R,17,SUB:노들,95,0
SUB:9호선:R,18,SUB:흑석,95,0
SUB:9호선:R,19,SUB:동작,136,102
SUB:9호선:R,20,SUB:구반포,60,0
SUB:9호선:R,21,SUB:신반포,85,0
SUB:9호선:R,22,SUB:고속터미널,76,125
SUB:9호선:R,23,SUB:사평,87,0
SUB:9호선:R,24,SUB:신논현,81,0
SUB:9호선:R,25,SUB:언주,84,0
SUB:9호선:R,26,SUB:선정릉,87,0
SUB:9호선:R,27,SUB:삼성중앙,87,0
SUB:9호선:R,28,SUB:봉은사,64,0
SUB:9호선:R,29,SUB:종합운동장,118,39
SUB:9호선:R,30,SUB:삼전,112,0
SUB:9호선:R,31,SUB:석촌고분,83,0
SUB:9호선:R,32,SUB:석촌,89,34
SUB:9호선:R,33,SUB:송파나루,83,0
SUB:9호선:R,34,SUB:한성백제,70,0
SUB:9호선:R,35,SUB:올림픽공원,108,39
SUB:9호선:R,36,SUB:둔촌오륜,80,0
SUB:9호선:R,37,SUB:중앙보훈병원,112,0
SUB:경강선,0,SUB:판교,0,0
SUB:경강선,1,SUB:성남,81,0
SUB:경강선,2,SUB:이매,70,0
SUB:경강선,3,SUB:삼동,489,0
SUB:경강선,4,SUB:경기광주,334,0
SUB:경강선,5,SUB:초월,369,0
SUB:경강선,6,SUB:곤지암,350,0
SUB:경강선,7,SUB:신둔도예촌,468,0
SUB:경강선,8,SUB:이천,474,0
SUB:경강선,9,SUB:부발,316,0
SUB:경강선,10,SUB:세종대왕릉,571,0
SUB:경강선,11,SUB:여주,386,0
SUB:경강선:R,0,SUB:여주,0,0
SUB:경강선:R,1,SUB:세종대왕릉,386,0
SUB:경강선:R,2,SUB:부발,571,0
SUB:경강선:R,3,SUB:이천,316,0
SUB:경강선:R,4,SUB:신둔도예촌,474,0
SUB:경강선:R,5,SUB:곤지암,468,0
SUB:경강선:R,6,SUB:초월,350,0
SUB:경강선:R,7,SUB:경기광주,369,0
SUB:경강선:R,8,SUB:삼동,334,0
SUB:경강선:R,9,SUB:이매,489,0
SUB:경강선:R,10,SUB:성남,70,0
SUB:경강선:R,11,SUB:판교,81,0
SUB:경의중앙선,0,SUB:용문,0,0
SUB:경의중앙선,1,SUB:원덕,337,0
SUB:경의중앙선,2,SUB:양평,4020,0
SUB:경의중앙선,3,SUB:오빈,3560,0
SUB:경의중앙선,4,SUB:아신,217,0
SUB:경의중앙선,5,SUB:국수,289,0
SUB:경의중앙선,6,SUB:신원,198,0
SUB:경의중앙선,7,SUB:양수,332,0
SUB:경의중앙선,8,SUB:운길산,157,0
SUB:경의중앙선,9,SUB:팔당,425,0
SUB:경의중앙선,10,SUB:도심,297,0
SUB:경의중앙선,11,SUB:덕소,127,0
SUB:경의중앙선,12,SUB:양정,178,0
SUB:경의중앙선,13,SUB:도농,224,0
SUB:경의중앙선,14,SUB:구리,157,0
SUB:경의중앙선,15,SUB:양원,230,0
SUB:경의중앙선,16,SUB:망우,134,0
SUB:경의중앙선,17,SUB:상봉,71,42
SUB:경의중앙선,18,SUB:중랑,80,0
SUB:경의중앙선,19,SUB:회기,140,0
SUB:경의중앙선,20,SUB:청량리,109,62
SUB:경의중앙선,21,SUB:왕십리,186,55
SUB:경의중앙선,22,SUB:응봉,114,0
SUB:경의중앙선,23,SUB:옥수,143,64
SUB:경의중앙선,24,SUB:한남,129,0
SUB:경의중앙선,25,SUB:서빙고,171,0
SUB:경의중앙선,26,SUB:이촌,110,32
SUB:경의중앙선,27,SUB:용산,98,0
SUB:경의중앙선,28,SUB:효창공원앞,97,46
SUB:경의중앙선,29,SUB:공덕,80,122
SUB:경의중앙선,30,SUB:서강대,159,0
SUB:경의중앙선,31,SUB:홍대입구,95,116
SUB:경의중앙선,32,SUB:가좌,132,0
SUB:경의중앙선,33,SUB:디지털미디어시티,119,0
SUB:경의중앙선,34,SUB:수색,77,0
SUB:경의중앙선,35,SUB:한국항공대,259,0
SUB:경의중앙선,36,SUB:강매,180,0
SUB:경의중앙선,37,SUB:행신,85,0
SUB:경의중앙선,38,SUB:능곡,127,0
SUB:경의중앙선,39,SUB:대곡,136,0
SUB:경의중앙선,40,SUB:곡산,145,0
SUB:경의중앙선,41,SUB:백마,118,0
SUB:경의중앙선,42,SUB:풍산,152,0
SUB:경의중앙선,43,SUB:일산,143,0
SUB:경의중앙선,44,SUB:탄현,134,0
SUB:경의중앙선,45,SUB:야당,165,0
SUB:경의중앙선,46,SUB:운정,129,0
SUB:경의중앙선,47,SUB:금릉,219,0
SUB:경의중앙선,48,SUB:금촌,152,0
SUB:경의중앙선,49,SUB:월롱,281,0
SUB:경의중앙선,50,SUB:파주,163,0
SUB:경의중앙선,51,SUB:문산,326,0
SUB:경의중앙선:R,0,SUB:문산,0,0
SUB:경의중앙선:R,1,SUB:파주,326,0
SUB:경의중앙선:R,2,SUB:월롱,163,0
SUB:경의중앙선:R,3,SUB:금촌,281,0
SUB:경의중앙선:R,4,SUB:금릉,152,0
SUB:경의중앙선:R,5,SUB:운정,219,0
SUB:경의중앙선:R,6,SUB:야당,129,0
SUB:경의중앙선:R,7,SUB:탄현,165,0
SUB:경의중앙선:R,8,SUB:일산,134,0
SUB:경의중앙선:R,9,SUB:풍산,143,0
SUB:경의중앙선:R,10,SUB:백마,152,0
SUB:경의중앙선:R,11,SUB:곡산,118,0
SUB:경의중앙선:R,12,SUB:대곡,145,0
SUB:경의중앙선:R,13,SUB:능곡,136,0
SUB:경의중앙선:R,14,SUB:행신,127,0
SUB:경의중앙선:R,15,SUB:강매,85,0
SUB:경의중앙선:R,16,SUB:한국항공대,180,0
SUB:경의중앙선:R,17,SUB:수색,259,0
SUB:경의중앙선:R,18,SUB:디지털미디어시티,77,0
SUB:경의중앙선:R,19,SUB:가좌,119,0
SUB:경의중앙선:R,20,SUB:홍대입구,132,116
SUB:경의중앙선:R,21,SUB:서강대,95,0
SUB:경의중앙선:R,22,SUB:공덕,159,122
SUB:경의중앙선:R,23,SUB:효창공원앞,80,46
SUB:경의중앙선:R,24,SUB:용산,97,0
SUB:경의중앙선:R,25,SUB:이촌,98,32
SUB:경의중앙선:R,26,SUB:서빙고,110,0
SUB:경의중앙선:R,27,SUB:한남,171,0
SUB:경의중앙선:R,28,SUB:옥수,129,64
SUB:경의중앙선:R,29,SUB:응봉,143,0
SUB:경의중앙선:R,30,SUB:왕십리,114,55
SUB:경의중앙선:R,31,SUB:청량리,186,62
SUB:경의중앙선:R,32,SUB:회기,109,0
SUB:경의중앙선:R,33,SUB:중랑,140,0
SUB:경의중앙선:R,34,SUB:상봉,80,42
SUB:경의중앙선:R,35,SUB:망우,71,0
SUB:경의중앙선:R,36,SUB:양원,134,0
SUB:경의중앙선:R,37,SUB:구리,230,0
SUB:경의중앙선:R,38,SUB:도농,157,0
SUB:경의중앙선:R,39,SUB:양정,224,0
SUB:경의중앙선:R,40,SUB:덕소,178,0
SUB:경의중앙선:R,41,SUB:도심,127,0
SUB:경의중앙선:R,42,SUB:팔당,297,0
SUB:경의중앙선:R,43,SUB:운길산,425,0
SUB:경의중앙선:R,44,SUB:양수,157,0
SUB:경의중앙선:R,45,SUB:신원,332,0
SUB:경의중앙선:R,46,SUB:국수,198,0
SUB:경의중앙선:R,47,SUB:아신,289,0
SUB:경의중앙선:R,48,SUB:오빈,217,0
SUB:경의중앙선:R,49,SUB:양평,3560,0
SUB:경의중앙선:R,50,SUB:원덕,4020,0
SUB:경의중앙선:R,51,SUB:용문,337,0
SUB:경의중앙선#1,0,SUB:문산,0,0
SUB:경의중앙선#1,1,SUB:파주,326,0
SUB:경의중앙선#1,2,SUB:월롱,163,0
SUB:경의중앙선#1,3,SUB:금촌,281,0
SUB:경의중앙선#1,4,SUB:금릉,152,0
SUB:경의중앙선#1,5,SUB:운정,219,0
SUB:경의중앙선#1,6,SUB:야당,129,0
SUB:경의중앙선#1,7,SUB:탄현,165,0
SUB:경의중앙선#1,8,SUB:일산,134,0
SUB:경의중앙선#1,9,SUB:풍산,143,0
SUB:경의중앙선#1,10,SUB:백마,152,0
SUB:경의중앙선#1,11,SUB:곡산,118,0
SUB:경의중앙선#1,12,SUB:대곡,145,0
SUB:경의중앙선#1,13,SUB:능곡,136,0
SUB:경의중앙선#1,14,SUB:행신,127,0
SUB:경의중앙선#1,15,SUB:강매,85,0
SUB:경의중앙선#1,16,SUB:한국항공대,180,0
SUB:경의중앙선#1,17,SUB:수색,259,0
SUB:경의중앙선#1,18,SUB:디지털미디어시티,77,0
SUB:경의중앙선#1,19,SUB:홍대입구,223,116
SUB:경의중앙선#1,20,SUB:서강대,95,0
SUB:경의중앙선#1,21,SUB:공덕,159,122
SUB:경의중앙선#1,22,SUB:효창공원앞,80,46
SUB:경의중앙선#1,23,SUB:용산,97,0
SUB:경의중앙선#1,24,SUB:이촌,98,32
SUB:경의중앙선#1,25,SUB:서빙고,110,0
SUB:경의중앙선#1,26,SUB:한남,171,0
SUB:경의중앙선#1,27,SUB:옥수,129,64
SUB:경의중앙선#1,28,SUB:응봉,143,0
SUB:경의중앙선#1,29,SUB:왕십리,114,55
SUB:경의중앙선#1,30,SUB:청량리,186,62
SUB:경의중앙선#1,31,SUB:회기,109,0
SUB:경의중앙선#1,32,SUB:중랑,140,0
SUB:경의중앙선#1,33,SUB:상봉,80,42
SUB:경의중앙선#1,34,SUB:망우,71,0
SUB:경의중앙선#1,35,SUB:양원,134,0
SUB:경의중앙선#1,36,SUB:구리,230,0
SUB:경의중앙선#1,37,SUB:도농,157,0
SUB:경의중앙선#1,38,SUB:양정,224,0
SUB:경의중앙선#1,39,SUB:덕소,178,0
SUB:경의중앙선#1,40,SUB:도심,127,0
SUB:경의중앙선#1,41,SUB:팔당,297,0
SUB:경의중앙선#1,42,SUB:운길산,425,0
SUB:경의중앙선#1,43,SUB:양수,157,0
SUB:경의중앙선#1,44,SUB:신원,332,0
SUB:경의중앙선#1,45,SUB:국수,198,0
SUB:경의중앙선#1,46,SUB:아신,289,0
SUB:경의중앙선#1,47,SUB:오빈,217,0
SUB:경의중앙선#1,48,SUB:양평,3560,0
SUB:경의중앙선#1,49,SUB:원덕,4020,0
SUB:경의중앙선#1,50,SUB:용문,337,0
SUB:경의중앙선#1:R,0,SUB:용문,0,0
SUB:경의중앙선#1:R,1,SUB:원덕,337,0
SUB:경의중앙선#1:R,2,SUB:양평,4020,0
SUB:경의중앙선#1:R,3,SUB:오빈,3560,0
SUB:경의중앙선#1:R,4,SUB:아신,217,0
SUB:경의중앙선#1:R,5,SUB:국수,289,0
SUB:경의중앙선#1:R,6,SUB:신원,198,0
SUB:경의중앙선#1:R,7,SUB:양수,332,0
SUB:경의중앙선#1:R,8,SUB:운길산,157,0
SUB:경의중앙선#1:R,9,SUB:팔당,425,0
SUB:경의중앙선#1:R,10,SUB:도심,297,0
SUB:경의중앙선#1:R,11,SUB:덕소,127,0
SUB:경의중앙선#1:R,12,SUB:양정,178,0
SUB:경의중앙선#1:R,13,SUB:도농,224,0
SUB:경의중앙선#1:R,14,SUB:구리,157,0
SUB:경의중앙선#1:R,15,SUB:양원,230,0
SUB:경의중앙선#1:R,16,SUB:망우,134,0
SUB:경의중앙선#1:R,17,SUB:상봉,71,42
SUB:경의중앙선#1:R,18,SUB:중랑,80,0
SUB:경의중앙선#1:R,19,SUB:회기,140,0
SUB:경의중앙선#1:R,20,SUB:청량리,109,62
SUB:경의중앙선#1:R,21,SUB:왕십리,186,55
SUB:경의중앙선#1:R,22,SUB:응봉,114,0
SUB:경의중앙선#1:R,23,SUB:옥수,143,64
SUB:경의중앙선#1:R,24,SUB:한남,129,0
SUB:경의중앙선#1:R,25,SUB:서빙고,171,0
SUB:경의중앙선#1:R,26,SUB:이촌,110,32
SUB:경의중앙선#1:R,27,SUB:용산,98,0
SUB:경의중앙선#1:R,28,SUB:효창공원앞,97,46
SUB:경의중앙선#1:R,29,SUB:공덕,80,122
SUB:경의중앙선#1:R,30,SUB:서강대,159,0
SUB:경의중앙선#1:R,31,SUB:홍대입구,95,116
SUB:경의중앙선#1:R,32,SUB:디지털미디어시티,223,0
SUB:경의중앙선#1:R,33,SUB:수색,77,0
SUB:경의중앙선#1:R,34,SUB:한국항공대,259,0
SUB:경의중앙선#1:R,35,SUB:강매,180,0
SUB:경의중앙선#1:R,36,SUB:행신,85,0
SUB:경의중앙선#1:R,37,SUB:능곡,127,0
SUB:경의중앙선#1:R,38,SUB:대곡,136,0
SUB:경의중앙선#1:R,39,SUB:곡산,145,0
SUB:경의중앙선#1:R,40,SUB:백마,118,0
SUB:경의중앙선#1:R,41,SUB:풍산,152,0
SUB:경의중앙선#1:R,42,SUB:일산,143,0
SUB:경의중앙선#1:R,43,SUB:탄현,134,0
SUB:경의중앙선#1:R,44,SUB:야당,165,0
SUB:경의중앙선#1:R,45,SUB:운정,129,0
SUB:경의중앙선#1:R,46,SUB:금릉,219,0
SUB:경의중앙선#1:R,47,SUB:금촌,152,0
SUB:경의중앙선#1:R,48,SUB:월롱,281,0
SUB:경의중앙선#1:R,49,SUB:파주,163,0
SUB:경의중앙선#1:R,50,SUB:문산,326,0
SUB:경의중앙선#2,0,SUB:문산,0,0
SUB:경의중앙선#2,1,SUB:파주,326,0
SUB:경의중앙선#2,2,SUB:월롱,163,0
SUB:경의중앙선#2,3,SUB:금촌,281,0
SUB:경의중앙선#2,4,SUB:금릉,152,0
SUB:경의중앙선#2,5,SUB:운정,219,0
SUB:경의중앙선#2,6,SUB:야당,129,0
SUB:경의중앙선#2,7,SUB:탄현,165,0
SUB:경의중앙선#2,8,SUB:일산,134,0
SUB:경의중앙선#2,9,SUB:풍산,143,0
SUB:경의중앙선#2,10,SUB:백마,152,0
SUB:경의중앙선#2,11,SUB:곡산,118,0
SUB:경의중앙선#2,12,SUB:대곡,145,0
SUB:경의중앙선#2,13,SUB:능곡,136,0
SUB:경의중앙선#2,14,SUB:행신,127,0
SUB:경의중앙선#2,15,SUB:강매,85,0
SUB:경의중앙선#2,16,SUB:한국항공대,180,0
SUB:경의중앙선#2,17,SUB:수색,259,0
SUB:경의중앙선#2,18,SUB:디지털미디어시티,77,0
SUB:경의중앙선#2,19,SUB:가좌,119,0
SUB:경의중앙선#2,20,SUB:홍대입구,132,116
SUB:경의중앙선#2,21,SUB:신촌,120,0
SUB:경의중앙선#2,22,SUB:서울역,239,136
SUB:경의중앙선#2:R,0,SUB:서울역,0,136
SUB:경의중앙선#2:R,1,SUB:신촌,239,0
SUB:경의중앙선#2:R,2,SUB:홍대입구,120,116
SUB:경의중앙선#2:R,3,SUB:가좌,132,0
SUB:경의중앙선#2:R,4,SUB:디지털미디어시티,119,0
SUB:경의중앙선#2:R,5,SUB:수색,77,0
SUB:경의중앙선#2:R,6,SUB:한국항공대,259,0
SUB:경의중앙선#2:R,7,SUB:강매,180,0
SUB:경의중앙선#2:R,8,SUB:행신,85,0
SUB:경의중앙선#2:R,9,SUB:능곡,127,0
SUB:경의중앙선#2:R,10,SUB:대곡,136,0
SUB:경의중앙선#2:R,11,SUB:곡산,145,0
SUB:경의중앙선#2:R,12,SUB:백마,118,0
SUB:경의중앙선#2:R,13,SUB:풍산,152,0
SUB:경의중앙선#2:R,14,SUB:일산,143,0
SUB:경의중앙선#2:R,15,SUB:탄현,134,0
SUB:경의중앙선#2:R,16,SUB:야당,165,0
SUB:경의중앙선#2:R,17,SUB:운정,129,0
SUB:경의중앙선#2:R,18,SUB:금릉,219,0
SUB:경의중앙선#2:R,19,SUB:금촌,152,0
SUB:경의중앙선#2:R,20,SUB:월롱,281,0
SUB:경의중앙선#2:R,21,SUB:파주,163,0
SUB:경의중앙선#2:R,22,SUB:문산,326,0
SUB:경의중앙선#3,0,SUB:문산,0,0
SUB:경의중앙선#3,1,SUB:운천,239,0
SUB:경의중앙선#3,2,SUB:임진강,164,0
SUB:경의중앙선#3:R,0,SUB:임진강,0,0
SUB:경의중앙선#3:R,1,SUB:운천,164,0
SUB:경의중앙선#3:R,2,SUB:문산,239,0
SUB:경의중앙선#4,0,SUB:임진강,0,0
SUB:경의중앙선#4,1,SUB:도라산,282,0
SUB:경의중앙선#4:R,0,SUB:도라산,0,0
SUB:경의중앙선#4:R,1,SUB:임진강,282,0
SUB:경춘선,0,SUB:춘천,0,0
SUB:경춘선,1,SUB:남춘천,186,0
SUB:경춘선,2,SUB:김유정,375,0
SUB:경춘선,3,SUB:강촌,515,0
SUB:경춘선,4,SUB:백양리,354,0
SUB:경춘선,5,SUB:굴봉산,216,0
SUB:경춘선,6,SUB:가평,332,0
SUB:경춘선,7,SUB:상천,501,0
SUB:경춘선,8,SUB:청평,335,0
SUB:경춘선,9,SUB:대성리,508,0
SUB:경춘선,10,SUB:마석,495,0
SUB:경춘선,11,SUB:천마산,191,0
SUB:경춘선,12,SUB:평내호평,272,0
SUB:경춘선,13,SUB:금곡,277,0
SUB:경춘선,14,SUB:사릉,235,0
SUB:경춘선,15,SUB:퇴계원,226,0
SUB:경춘선,16,SUB:별내,129,0
SUB:경춘선,17,SUB:갈매,124,0
SUB:경춘선,18,SUB:신내,200,21
SUB:경춘선,19,SUB:망우,149,0
SUB:경춘선,20,SUB:상봉,71,42
SUB:경춘선,21,SUB:중랑,80,0
SUB:경춘선,22,SUB:회기,140,0
SUB:경춘선,23,SUB:청량리,109,93
SUB:경춘선:R,0,SUB:청량리,0,93
SUB:경춘선:R,1,SUB:회기,109,0
SUB:경춘선:R,2,SUB:중랑,140,0
SUB:경춘선:R,3,SUB:상봉,80,42
SUB:경춘선:R,4,SUB:망우,71,0
SUB:경춘선:R,5,SUB:신내,149,21
SUB:경춘선:R,6,SUB:갈매,200,0
SUB:경춘선:R,7,SUB:별내,124,0
SUB:경춘선:R,8,SUB:퇴계원,129,0
SUB:경춘선:R,9,SUB:사릉,226,0
SUB:경춘선:R,10,SUB:금곡,235,0
SUB:경춘선:R,11,SUB:평내호평,277,0
SUB:경춘선:R,12,SUB:천마산,272,0
SUB:경춘선:R,13,SUB:마석,191,0
SUB:경춘선:R,14,SUB:대성리,495,0
SUB:경춘선:R,15,SUB:청평,508,0
SUB:경춘선:R,16,SUB:상천,335,0
SUB:경춘선:R,17,SUB:가평,501,0
SUB:경춘선:R,18,SUB:굴봉산,332,0
SUB:경춘선:R,19,SUB:백양리,216,0
SUB:경춘선:R,20,SUB:강촌,354,0
SUB:경춘선:R,21,SUB:김유정,515,0
SUB:경춘선:R,22,SUB:남춘천,375,0
SUB:경춘선:R,23,SUB:춘천,186,0
SUB:경춘선#1,0,SUB:춘천,0,0
SUB:경춘선#1,1,SUB:남춘천,186,0
SUB:경춘선#1,2,SUB:김유정,375,0
SUB:경춘선#1,3,SUB:강촌,515,0
SUB:경춘선#1,4,SUB:백양리,354,0
SUB:경춘선#1,5,SUB:굴봉산,216,0
SUB:경춘선#1,6,SUB:가평,332,0
SUB:경춘선#1,7,SUB:상천,501,0
SUB:경춘선#1,8,SUB:청평,335,0
SUB:경춘선#1,9,SUB:대성리,508,0
SUB:경춘선#1,10,SUB:마석,495,0
SUB:경춘선#1,11,SUB:천마산,191,0
SUB:경춘선#1,12,SUB:평내호평,272,0
SUB:경춘선#1,13,SUB:금곡,277,0
SUB:경춘선#1,14,SUB:사릉,235,0
SUB:경춘선#1,15,SUB:퇴계원,226,0
SUB:경춘선#1,16,SUB:별내,129,0
SUB:경춘선#1,17,SUB:갈매,124,0
SUB:경춘선#1,18,SUB:신내,200,21
SUB:경춘선#1,19,SUB:망우,149,0
SUB:경춘선#1,20,SUB:상봉,71,42
SUB:경춘선#1,21,SUB:광운대,268,0
SUB:경춘선#1:R,0,SUB:광운대,0,0
SUB:경춘선#1:R,1,SUB:상봉,268,42
SUB:경춘선#1:R,2,SUB:망우,71,0
SUB:경춘선#1:R,3,SUB:신내,149,21
SUB:경춘선#1:R,4,SUB:갈매,200,0
SUB:경춘선#1:R,5,SUB:별내,124,0
SUB:경춘선#1:R,6,SUB:퇴계원,129,0
SUB:경춘선#1:R,7,SUB:사릉,226,0
SUB:경춘선#1:R,8,SUB:금곡,235,0
SUB:경춘선#1:R,9,SUB:평내호평,277,0
SUB:경춘선#1:R,10,SUB:천마산,272,0
SUB:경춘선#1:R,11,SUB:마석,191,0
SUB:경춘선#1:R,12,SUB:대성리,495,0
SUB:경춘선#1:R,13,SUB:청평,508,0
SUB:경춘선#1:R,14,SUB:상천,335,0
SUB:경춘선#1:R,15,SUB:가평,501,0
SUB:경춘선#1:R,16,SUB:굴봉산,332,0
SUB:경춘선#1:R,17,SUB:백양리,216,0
SUB:경춘선#1:R,18,SUB:강촌,354,0
SUB:경춘선#1:R,19,SUB:김유정,515,0
SUB:경춘선#1:R,20,SUB:남춘천,375,0
SUB:경춘선#1:R,21,SUB:춘천,186,0
SUB:공항철도,0,SUB:서울역,0,156
SUB:공항철도,1,SUB:공덕,168,194
SUB:공항철도,2,SUB:홍대입구,228,158
SUB:공항철도,3,SUB:디지털미디어시티,223,109
SUB:공항철도,4,SUB:마곡나루,474,0
SUB:공항철도,5,SUB:김포공항,185,47
SUB:공항철도,6,SUB:계양,423,0
SUB:공항철도,7,SUB:검암,402,0
SUB:공항철도,8,SUB:청라국제도시,334,0
SUB:공항철도,9,SUB:영종,713,0
SUB:공항철도,10,SUB:운서,261,0
SUB:공항철도,11,SUB:공항화물청사,299,0
SUB:공항철도,12,SUB:인천공항1터미널,198,0
SUB:공항철도,13,SUB:인천공항2터미널,225,0
SUB:공항철도:R,0,SUB:인천공항2터미널,0,0
SUB:공항철도:R,1,SUB:인천공항1터미널,225,0
SUB:공항철도:R,2,SUB:공항화물청사,198,0
SUB:공항철도:R,3,SUB:운서,299,0
SUB:공항철도:R,4,SUB:영종,261,0
SUB:공항철도:R,5,SUB:청라국제도시,713,0
SUB:공항철도:R,6,SUB:검암,334,0
SUB:공항철도:R,7,SUB:계양,402,0
SUB:공항철도:R,8,SUB:김포공항,423,47
SUB:공항철도:R,9,SUB:마곡나루,185,0
SUB:공항철도:R,10,SUB:디지털미디어시티,474,109
SUB:공항철도:R,11,SUB:홍대입구,223,158
SUB:공항철도:R,12,SUB:공덕,228,194
SUB:공항철도:R,13,SUB:서울역,168,156
SUB:김포골드라인,0,SUB:김포공항,0,112
SUB:김포골드라인,1,SUB:고촌,377,0
SUB:김포골드라인,2,SUB:풍무,266,0
SUB:김포골드라인,3,SUB:사우,121,0
SUB:김포골드라인,4,SUB:걸포북변,143,0
SUB:김포골드라인,5,SUB:운양,239,0
SUB:김포골드라인,6,SUB:장기,140,0
SUB:김포골드라인,7,SUB:마산,176,0
SUB:김포골드라인,8,SUB:구래,123,0
SUB:김포골드라인,9,SUB:양촌,113,0
SUB:김포골드라인:R,0,SUB:양촌,0,0
SUB:김포골드라인:R,1,SUB:구래,113,0
SUB:김포골드라인:R,2,SUB:마산,123,0
SUB:김포골드라인:R,3,SUB:장기,176,0
SUB:김포골드라인:R,4,SUB:운양,140,0
SUB:김포골드라인:R,5,SUB:걸포북변,239,0
SUB:김포골드라인:R,6,SUB:사우,143,0
SUB:김포골드라인:R,7,SUB:풍무,121,0
SUB:김포골드라인:R,8,SUB:고촌,266,0
SUB:김포골드라인:R,9,SUB:김포공항,377,112
SUB:서해선,0,SUB:원시,0,0
SUB:서해선,1,SUB:시우,120,0
SUB:서해선,2,SUB:초지,106,0
SUB:서해선,3,SUB:선부,129,0
SUB:서해선,4,SUB:달미,135,0
SUB:서해선,5,SUB:시흥능곡,185,0
SUB:서해선,6,SUB:시흥시청,115,0
SUB:서해선,7,SUB:신현,260,0
SUB:서해선,8,SUB:신천,249,0
SUB:서해선,9,SUB:시흥대야,114,0
SUB:서해선,10,SUB:소새울,167,0
SUB:서해선,11,SUB:소사,131,0
SUB:서해선,12,SUB:부천종합운동장,199,0
SUB:서해선,13,SUB:원종,158,0
SUB:서해선,14,SUB:김포공항,327,28
SUB:서해선,15,SUB:능곡,473,0
SUB:서해선,16,SUB:대곡,136,0
SUB:서해선,17,SUB:곡산,145,0
SUB:서해선,18,SUB:백마,118,0
SUB:서해선,19,SUB:풍산,152,0
SUB:서해선,20,SUB:일산,143,0
SUB:서해선:R,0,SUB:일산,0,0
SUB:서해선:R,1,SUB:풍산,143,0
SUB:서해선:R,2,SUB:백마,152,0
SUB:서해선:R,3,SUB:곡산,118,0
SUB:서해선:R,4,SUB:대곡,145,0
SUB:서해선:R,5,SUB:능곡,136,0
SUB:서해선:R,6,SUB:김포공항,473,28
SUB:서해선:R,7,SUB:원종,327,0
SUB:서해선:R,8,SUB:부천종합운동장,158,0
SUB:서해선:R,9,SUB:소사,199,0
SUB:서해선:R,10,SUB:소새울,131,0
SUB:서해선:R,11,SUB:시흥대야,167,0
SUB:서해선:R,12,SUB:신천,114,0
SUB:서해선:R,13,SUB:신현,249,0
SUB:서해선:R,14,SUB:시흥시청,260,0
SUB:서해선:R,15,SUB:시흥능곡,115,0
SUB:서해선:R,16,SUB:달미,185,0
SUB:서해선:R,17,SUB:선부,135,0
SUB:서해선:R,18,SUB:초지,129,0
SUB:서해선:R,19,SUB:시우,106,0
SUB:서해선:R,20,SUB:원시,120,0
SUB:수인분당선,0,SUB:청량리,0,74
SUB:수인분당선,1,SUB:왕십리,186,95
SUB:수인분당선,2,SUB:서울숲,165,0
SUB:수인분당선,3,SUB:압구정로데오,146,0
SUB:수인분당선,4,SUB:강남구청,108,52
SUB:수인분당선,5,SUB:선정릉,72,0
SUB:수인분당선,6,SUB:선릉,81,34
SUB:수인분당선,7,SUB:한티,90,0
SUB:수인분당선,8,SUB:도곡,68,32
SUB:수인분당선,9,SUB:구룡,62,0
SUB:수인분당선,10,SUB:개포동,67,0
SUB:수인분당선,11,SUB:대모산입구,68,0
SUB:수인분당선,12,SUB:수서,202,38
SUB:수인분당선,13,SUB:복정,215,6
SUB:수인분당선,14,SUB:가천대,198,0
SUB:수인분당선,15,SUB:태평,92,0
SUB:수인분당선,16,SUB:모란,82,42
SUB:수인분당선,17,SUB:야탑,183,0
SUB:수인분당선,18,SUB:이매,146,0
SUB:수인분당선,19,SUB:서현,108,0
SUB:수인분당선,20,SUB:수내,98,0
SUB:수인분당선,21,SUB:정자,130,0
SUB:수인분당선,22,SUB:미금,141,0
SUB:수인분당선,23,SUB:오리,95,0
SUB:수인분당선,24,SUB:죽전,146,0
SUB:수인분당선,25,SUB:보정,117,0
SUB:수인분당선,26,SUB:구성,126,0
SUB:수인분당선,27,SUB:신갈,128,0
SUB:수인분당선,28,SUB:기흥,109,0
SUB:수인분당선,29,SUB:상갈,137,0
SUB:수인분당선,30,SUB:청명,202,0
SUB:수인분당선,31,SUB:영통,106,0
SUB:수인분당선,32,SUB:망포,120,0
SUB:수인분당선,33,SUB:매탄권선,139,0
SUB:수인분당선,34,SUB:수원시청,108,0
SUB:수인분당선,35,SUB:매교,126,0
SUB:수인분당선,36,SUB:수원,111,0
SUB:수인분당선,37,SUB:고색,204,0
SUB:수인분당선,38,SUB:오목천,138,0
SUB:수인분당선,39,SUB:어천,363,0
SUB:수인분당선,40,SUB:야목,197,0
SUB:수인분당선,41,SUB:사리,300,0
SUB:수인분당선,42,SUB:한대앞,170,0
SUB:수인분당선,43,SUB:중앙,126,0
SUB:수인분당선,44,SUB:고잔,117,0
SUB:수인분당선,45,SUB:초지,133,0
SUB:수인분당선,46,SUB:안산,137,0
SUB:수인분당선,47,SUB:신길온천,178,0
SUB:수인분당선,48,SUB:정왕,204,0
SUB:수인분당선,49,SUB:오이도,108,0
SUB:수인분당선,50,SUB:달월,167,0
SUB:수인분당선,51,SUB:월곶,113,0
SUB:수인분당선,52,SUB:소래포구,115,0
SUB:수인분당선,53,SUB:인천논현,91,0
SUB:수인분당선,54,SUB:호구포,108,0
SUB:수인분당선,55,SUB:남동인더스파크,117,0
SUB:수인분당선,56,SUB:원인재,91,0
SUB:수인분당선,57,SUB:연수,83,0
SUB:수인분당선,58,SUB:송도,195,0
SUB:수인분당선,59,SUB:인하대,168,0
SUB:수인분당선,60,SUB:숭의,143,0
SUB:수인분당선,61,SUB:신포,124,0
SUB:수인분당선,62,SUB:인천,96,0
SUB:수인분당선:R,0,SUB:인천,0,0
SUB:수인분당선:R,1,SUB:신포,96,0
SUB:수인분당선:R,2,SUB:숭의,124,0
SUB:수인분당선:R,3,SUB:인하대,143,0
SUB:수인분당선:R,4,SUB:송도,168,0
SUB:수인분당선:R,5,SUB:연수,195,0
SUB:수인분당선:R,6,SUB:원인재,83,0
SUB:수인분당선:R,7,SUB:남동인더스파크,91,0
SUB:수인분당선:R,8,SUB:호구포,117,0
SUB:수인분당선:R,9,SUB:인천논현,108,0
SUB:수인분당선:R,10,SUB:소래포구,91,0
SUB:수인분당선:R,11,SUB:월곶,115,0
SUB:수인분당선:R,12,SUB:달월,113,0
SUB:수인분당선:R,13,SUB:오이도,167,0
SUB:수인분당선:R,14,SUB:정왕,108,0
SUB:수인분당선:R,15,SUB:신길온천,204,0
SUB:수인분당선:R,16,SUB:안산,178,0
SUB:수인분당선:R,17,SUB:초지,137,0
SUB:수인분당선:R,18,SUB:고잔,133,0
SUB:수인분당선:R,19,SUB:중앙,117,0
SUB:수인분당선:R,20,SUB:한대앞,126,0
SUB:수인분당선:R,21,SUB:사리,170,0
SUB:수인분당선:R,22,SUB:야목,300,0
SUB:수인분당선:R,23,SUB:어천,197,0
SUB:수인분당선:R,24,SUB:오목천,363,0
SUB:수인분당선:R,25,SUB:고색,138,0
SUB:수인분당선:R,26,SUB:수원,204,0
SUB:수인분당선:R,27,SUB:매교,111,0
SUB:수인분당선:R,28,SUB:수원시청,126,0
SUB:수인분당선:R,29,SUB:매탄권선,108,0
SUB:수인분당선:R,30,SUB:망포,139,0
SUB:수인분당선:R,31,SUB:영통,120,0
SUB:수인분당선:R,32,SUB:청명,106,0
SUB:수인분당선:R,33,SUB:상갈,202,0
SUB:수인분당선:R,34,SUB:기흥,137,0
SUB:수인분당선:R,35,SUB:신갈,109,0
SUB:수인분당선:R,36,SUB:구성,128,0
SUB:수인분당선:R,37,SUB:보정,126,0
SUB:수인분당선:R,38,SUB:죽전,117,0
SUB:수인분당선:R,39,SUB:오리,146,0
SUB:수인분당선:R,40,SUB:미금,95,0
SUB:수인분당선:R,41,SUB:정자,141,0
SUB:수인분당선:R,42,SUB:수내,130,0
SUB:수인분당선:R,43,SUB:서현,98,0
SUB:수인분당선:R,44,SUB:이매,108,0
SUB:수인분당선:R,45,SUB:야탑,146,0
SUB:수인분당선:R,46,SUB:모란,183,42
SUB:수인분당선:R,47,SUB:태평,82,0
SUB:수인분당선:R,48,SUB:가천대,92,0
SUB:수인분당선:R,49,SUB:복정,198,6
SUB:수인분당선:R,50,SUB:수서,215,38
SUB:수인분당선:R,51,SUB:대모산입구,202,0
SUB:수인분당선:R,52,SUB:개포동,68,0
SUB:수인분당선:R,53,SUB:구룡,67,0
SUB:수인분당선:R,54,SUB:도곡,62,32
SUB:수인분당선:R,55,SUB:한티,68,0
SUB:수인분당선:R,56,SUB:선릉,90,34
SUB:수인분당선:R,57,SUB:선정릉,81,0
SUB:수인분당선:R,58,SUB:강남구청,72,52
SUB:수인분당선:R,59,SUB:압구정로데오,108,0
SUB:수인분당선:R,60,SUB:서울숲,146,0
SUB:수인분당선:R,61,SUB:왕십리,165,95
SUB:수인분당선:R,62,SUB:청량리,186,74
SUB:신림선,0,SUB:관악산,0,0
SUB:신림선,1,SUB:서울대벤처타운,98,0
SUB:신림선,2,SUB:서원,71,0
SUB:신림선,3,SUB:신림,74,36
SUB:신림선,4,SUB:당곡,67,0
SUB:신림선,5,SUB:보라매병원,57,0
SUB:신림선,6,SUB:보라매공원,64,0
SUB:신림선,7,SUB:보라매,61,30
SUB:신림선,8,SUB:서울지방병무청,73,0
SUB:신림선,9,SUB:대방,83,0
SUB:신림선,10,SUB:샛강,58,0
SUB:신림선:R,0,SUB:샛강,0,0
SUB:신림선:R,1,SUB:대방,58,0
SUB:신림선:R,2,SUB:서울지방병무청,83,0
SUB:신림선:R,3,SUB:보라매,73,30
SUB:신림선:R,4,SUB:보라매공원,61,0
SUB:신림선:R,5,SUB:보라매병원,64,0
SUB:신림선:R,6,SUB:당곡,57,0
SUB:신림선:R,7,SUB:신림,67,36
SUB:신림선:R,8,SUB:서원,74,0
SUB:신림선:R,9,SUB:서울대벤처타운,71,0
SUB:신림선:R,10,SUB:관악산,98,0
SUB:신분당선,0,SUB:신사,0,32
SUB:신분당선,1,SUB:논현,73,34
SUB:신분당선,2,SUB:신논현,69,0
SUB:신분당선,3,SUB:강남,77,89
SUB:신분당선,4,SUB:양재,133,39
SUB:신분당선,5,SUB:양재시민의숲,136,0
SUB:신분당선,6,SUB:청계산입구,216,0
SUB:신분당선,7,SUB:판교,558,0
SUB:신분당선,8,SUB:정자,245,0
SUB:신분당선,9,SUB:미금,141,0
SUB:신분당선,10,SUB:동천,123,0
SUB:신분당선,11,SUB:수지구청,151,0
SUB:신분당선,12,SUB:성복,135,0
SUB:신분당선,13,SUB:상현,162,0
SUB:신분당선,14,SUB:광교중앙,151,0
SUB:신분당선,15,SUB:광교,140,0
SUB:신분당선:R,0,SUB:광교,0,0
SUB:신분당선:R,1,SUB:광교중앙,140,0
SUB:신분당선:R,2,SUB:상현,151,0
SUB:신분당선:R,3,SUB:성복,162,0
SUB:신분당선:R,4,SUB:수지구청,135,0
SUB:신분당선:R,5,SUB:동천,151,0
SUB:신분당선:R,6,SUB:미금,123,0
SUB:신분당선:R,7,SUB:정자,141,0
SUB:신분당선:R,8,SUB:판교,245,0
SUB:신분당선:R,9,SUB:청계산입구,558,0
SUB:신분당선:R,10,SUB:양재시민의숲,216,0
SUB:신분당선:R,11,SUB:양재,136,39
SUB:신분당선:R,12,SUB:강남,133,89
SUB:신분당선:R,13,SUB:신논현,77,0
SUB:신분당선:R,14,SUB:논현,69,34
SUB:신분당선:R,15,SUB:신사,73,32
SUB:용인에버라인,0,SUB:기흥,0,0
SUB:용인에버라인,1,SUB:강남대,96,0
SUB:용인에버라인,2,SUB:지석,87,0
SUB:용인에버라인,3,SUB:어정,82,0
SUB:용인에버라인,4,SUB:동백,94,0
SUB:용인에버라인,5,SUB:초당,99,0
SUB:용인에버라인,6,SUB:삼가,175,0
SUB:용인에버라인,7,SUB:시청·용인대,91,0
SUB:용인에버라인,8,SUB:명지대,94,0
SUB:용인에버라인,9,SUB:김량장,75,0
SUB:용인에버라인,10,SUB:용인중앙시장,87,0
SUB:용인에버라인,11,SUB:고진,83,0
SUB:용인에버라인,12,SUB:보평,136,0
SUB:용인에버라인,13,SUB:둔전,94,0
SUB:용인에버라인,14,SUB:전대·에버랜드,167,0
SUB:용인에버라인:R,0,SUB:전대·에버랜드,0,0
SUB:용인에버라인:R,1,SUB:둔전,167,0
SUB:용인에버라인:R,2,SUB:보평,94,0
SUB:용인에버라인:R,3,SUB:고진,136,0
SUB:용인에버라인:R,4,SUB:용인중앙시장,83,0
SUB:용인에버라인:R,5,SUB:김량장,87,0
SUB:용인에버라인:R,6,SUB:명지대,75,0
SUB:용인에버라인:R,7,SUB:시청·용인대,94,0
SUB:용인에버라인:R,8,SUB:삼가,91,0
SUB:용인에버라인:R,9,SUB:초당,175,0
SUB:용인에버라인:R,10,SUB:동백,99,0
SUB:용인에버라인:R,11,SUB:어정,94,0
SUB:용인에버라인:R,12,SUB:지석,82,0
SUB:용인에버라인:R,13,SUB:강남대,87,0
SUB:용인에버라인:R,14,SUB:기흥,96,0
SUB:우이신설선,0,SUB:신설동,0,102
SUB:우이신설선,1,SUB:보문,119,36
SUB:우이신설선,2,SUB:성신여대입구,83,3
SUB:우이신설선,3,SUB:정릉,103,0
SUB:우이신설선,4,SUB:북한산보국문,100,0
SUB:우이신설선,5,SUB:솔샘,95,0
SUB:우이신설선,6,SUB:삼양사거리,65,0
SUB:우이신설선,7,SUB:삼양,70,0
SUB:우이신설선,8,SUB:화계,78,0
SUB:우이신설선,9,SUB:가오리,85,0
SUB:우이신설선,10,SUB:4.19민주묘지,82,0
SUB:우이신설선,11,SUB:솔밭공원,74,0
SUB:우이신설선,12,SUB:북한산우이,81,0
SUB:우이신설선:R,0,SUB:북한산우이,0,0
SUB:우이신설선:R,1,SUB:솔밭공원,81,0
SUB:우이신설선:R,2,SUB:4.19민주묘지,74,0
SUB:우이신설선:R,3,SUB:가오리,82,0
SUB:우이신설선:R,4,SUB:화계,85,0
SUB:우이신설선:R,5,SUB:삼양,78,0
SUB:우이신설선:R,6,SUB:삼양사거리,70,0
SUB:우이신설선:R,7,SUB:솔샘,65,0
SUB:우이신설선:R,8,SUB:북한산보국문,95,0
SUB:우이신설선:R,9,SUB:정릉,100,0
SUB:우이신설선:R,10,SUB:성신여대입구,103,3
SUB:우이신설선:R,11,SUB:보문,83,36
SUB:우이신설선:R,12,SUB:신설동,119,102
SUB:우이신설선#1,0,SUB:북한산우이,0,0
SUB:우이신설선#1,1,SUB:솔밭공원,81,0
SUB:우이신설선#1,2,SUB:4.19민주묘지,74,0
SUB:우이신설선#1,3,SUB:가오리,82,0
SUB:우이신설선#1,4,SUB:화계,85,0
SUB:우이신설선#1,5,SUB:삼양,78,0
SUB:우이신설선#1,6,SUB:솔샘,82,0
SUB:우이신설선#1,7,SUB:북한산보국문,95,0
SUB:우이신설선#1,8,SUB:정릉,100,0
SUB:우이신설선#1,9,SUB:성신여대입구,103,3
SUB:우이신설선#1,10,SUB:보문,83,36
SUB:우이신설선#1,11,SUB:신설동,119,102
SUB:우이신설선#1:R,0,SUB:신설동,0,102
SUB:우이신설선#1:R,1,SUB:보문,119,36
SUB:우이신설선#1:R,2,SUB:성신여대입구,83,3
SUB:우이신설선#1:R,3,SUB:정릉,103,0
SUB:우이신설선#1:R,4,SUB:북한산보국문,100,0
SUB:우이신설선#1:R,5,SUB:솔샘,95,0
SUB:우이신설선#1:R,6,SUB:삼양,82,0
SUB:우이신설선#1:R,7,SUB:화계,78,0
SUB:우이신설선#1:R,8,SUB:가오리,85,0
SUB:우이신설선#1:R,9,SUB:4.19민주묘지,82,0
SUB:우이신설선#1:R,10,SUB:솔밭공원,74,0
SUB:우이신설선#1:R,11,SUB:북한산우이,81,0
SUB:의정부경전철,0,SUB:탑석,0,0
SUB:의정부경전철,1,SUB:송산,53,0
SUB:의정부경전철,2,SUB:어룡,67,0
SUB:의정부경전철,3,SUB:곤제,84,0
SUB:의정부경전철,4,SUB:효자,72,0
SUB:의정부경전철,5,SUB:경기도청북부청사,65,0
SUB:의정부경전철,6,SUB:새말,73,0
SUB:의정부경전철,7,SUB:동오,73,0
SUB:의정부경전철,8,SUB:의정부중앙,70,0
SUB:의정부경전철,9,SUB:흥선,99,0
SUB:의정부경전철,10,SUB:의정부시청,57,0
SUB:의정부경전철,11,SUB:경전철의정부,77,0
SUB:의정부경전철,12,SUB:범골,89,0
SUB:의정부경전철,13,SUB:회룡,60,0
SUB:의정부경전철,14,SUB:발곡,62,0
SUB:의정부경전철:R,0,SUB:발곡,0,0
SUB:의정부경전철:R,1,SUB:회룡,62,0
SUB:의정부경전철:R,2,SUB:범골,60,0
SUB:의정부경전철:R,3,SUB:경전철의정부,89,0
SUB:의정부경전철:R,4,SUB:의정부시청,77,0
SUB:의정부경전철:R,5,SUB:흥선,57,0
SUB:의정부경전철:R,6,SUB:의정부중앙,99,0
SUB:의정부경전철:R,7,SUB:동오,70,0
SUB:의정부경전철:R,8,SUB:새말,73,0
SUB:의정부경전철:R,9,SUB:경기도청북부청사,73,0
SUB:의정부경전철:R,10,SUB:효자,65,0
SUB:의정부경전철:R,11,SUB:곤제,72,0
SUB:의정부경전철:R,12,SUB:어룡,84,0
SUB:의정부경전철:R,13,SUB:송산,67,0
SUB:의정부경전철:R,14,SUB:탑석,53,0
SUB:인천1호선,0,SUB:송도달빛축제공원,0,0
SUB:인천1호선,1,SUB:국제업무지구,83,0
SUB:인천1호선,2,SUB:센트럴파크,78,0
SUB:인천1호선,3,SUB:인천대입구,87,0
SUB:인천1호선,4,SUB:지식정보단지,94,0
SUB:인천1호선,5,SUB:테크노파크,93,0
SUB:인천1호선,6,SUB:캠퍼스타운,80,0
SUB:인천1호선,7,SUB:동막,133,0
SUB:인천1호선,8,SUB:동춘,86,0
SUB:인천1호선,9,SUB:원인재,99,0
SUB:인천1호선,10,SUB:신연수,83,0
SUB:인천1호선,11,SUB:선학,100,0
SUB:인천1호선,12,SUB:문학경기장,83,0
SUB:인천1호선,13,SUB:인천터미널,79,0
SUB:인천1호선,14,SUB:예술회관,86,0
SUB:인천1호선,15,SUB:인천시청,76,0
SUB:인천1호선,16,SUB:간석오거리,110,0
SUB:인천1호선,17,SUB:부평삼거리,105,0
SUB:인천1호선,18,SUB:동수,100,0
SUB:인천1호선,19,SUB:부평,71,0
SUB:인천1호선,20,SUB:부평시장,94,0
SUB:인천1호선,21,SUB:부평구청,95,0
SUB:인천1호선,22,SUB:갈산,94,0
SUB:인천1호선,23,SUB:작전,127,0
SUB:인천1호선,24,SUB:경인교대입구,86,0
SUB:인천1호선,25,SUB:계산,73,0
SUB:인천1호선,26,SUB:임학,90,0
SUB:인천1호선,27,SUB:박촌,99,0
SUB:인천1호선,28,SUB:귤현,118,0
SUB:인천1호선,29,SUB:계양,83,0
SUB:인천1호선,30,SUB:아라,232,0
SUB:인천1호선,31,SUB:신검단중앙,143,0
SUB:인천1호선,32,SUB:검단호수공원,84,0
SUB:인천1호선:R,0,SUB:검단호수공원,0,0
SUB:인천1호선:R,1,SUB:신검단중앙,84,0
SUB:인천1호선:R,2,SUB:아라,143,0
SUB:인천1호선:R,3,SUB:계양,232,0
SUB:인천1호선:R,4,SUB:귤현,83,0
SUB:인천1호선:R,5,SUB:박촌,118,0
SUB:인천1호선:R,6,SUB:임학,99,0
SUB:인천1호선:R,7,SUB:계산,90,0
SUB:인천1호선:R,8,SUB:경인교대입구,73,0
SUB:인천1호선:R,9,SUB:작전,86,0
SUB:인천1호선:R,10,SUB:갈산,127,0
SUB:인천1호선:R,11,SUB:부평구청,94,0
SUB:인천1호선:R,12,SUB:부평시장,95,0
SUB:인천1호선:R,13,SUB:부평,94,0
SUB:인천1호선:R,14,SUB:동수,71,0
SUB:인천1호선:R,15,SUB:부평삼거리,100,0
SUB:인천1호선:R,16,SUB:간석오거리,105,0
SUB:인천1호선:R,17,SUB:인천시청,110,0
SUB:인천1호선:R,18,SUB:예술회관,76,0
SUB:인천1호선:R,19,SUB:인천터미널,86,0
SUB:인천1호선:R,20,SUB:문학경기장,79,0
SUB:인천1호선:R,21,SUB:선학,83,0
SUB:인천1호선:R,22,SUB:신연수,100,0
SUB:인천1호선:R,23,SUB:원인재,83,0
SUB:인천1호선:R,24,SUB:동춘,99,0
SUB:인천1호선:R,25,SUB:동막,86,0
SUB:인천1호선:R,26,SUB:캠퍼스타운,133,0
SUB:인천1호선:R,27,SUB:테크노파크,80,0
SUB:인천1호선:R,28,SUB:지식정보단지,93,0
SUB:인천1호선:R,29,SUB:인천대입구,94,0
SUB:인천1호선:R,30,SUB:센트럴파크,87,0
SUB:인천1호선:R,31,SUB:국제업무지구,78,0
SUB:인천1호선:R,32,SUB:송도달빛축제공원,83,0
SUB:인천2호선,0,SUB:운연,0,0
SUB:인천2호선,1,SUB:인천대공원,103,0
SUB:인천2호선,2,SUB:남동구청,120,0
SUB:인천2호선,3,SUB:만수,84,0
SUB:인천2호선,4,SUB:모래내시장,98,0
SUB:인천2호선,5,SUB:석천사거리,77,0
SUB:인천2호선,6,SUB:인천시청,74,0
SUB:인천2호선,7,SUB:석바위시장,84,0
SUB:인천2호선,8,SUB:시민공원,94,0
SUB:인천2호선,9,SUB:주안,76,0
SUB:인천2호선,10,SUB:주안국가산단,88,0
SUB:인천2호선,11,SUB:가재울,105,0
SUB:인천2호선,12,SUB:인천가좌,96,0
SUB:인천2호선,13,SUB:서부여성회관,99,0
SUB:인천2호선,14,SUB:석남,76,0
SUB:인천2호선,15,SUB:가정중앙시장,105,0
SUB:인천2호선,16,SUB:가정,78,0
SUB:인천2호선,17,SUB:서해구청,177,0
SUB:인천2호선,18,SUB:아시아드경기장,76,0
SUB:인천2호선,19,SUB:검바위,99,0
SUB:인천2호선,20,SUB:검암,91,0
SUB:인천2호선,21,SUB:독정,143,0
SUB:인천2호선,22,SUB:완정,86,0
SUB:인천2호선,23,SUB:마전,73,0
SUB:인천2호선,24,SUB:검단사거리,94,0
SUB:인천2호선,25,SUB:왕길,124,0
SUB:인천2호선,26,SUB:검단오류,111,0
SUB:인천2호선:R,0,SUB:검단오류,0,0
SUB:인천2호선:R,1,SUB:왕길,111,0
SUB:인천2호선:R,2,SUB:검단사거리,124,0
SUB:인천2호선:R,3,SUB:마전,94,0
SUB:인천2호선:R,4,SUB:완정,73,0
SUB:인천2호선:R,5,SUB:독정,86,0
SUB:인천2호선:R,6,SUB:검암,143,0
SUB:인천2호선:R,7,SUB:검바위,91,0
SUB:인천2호선:R,8,SUB:아시아드경기장,99,0
SUB:인천2호선:R,9,SUB:서해구청,76,0
SUB:인천2호선:R,10,SUB:가정,177,0
SUB:인천2호선:R,11,SUB:가정중앙시장,78,0
SUB:인천2호선:R,12,SUB:석남,105,0
SUB:인천2호선:R,13,SUB:서부여성회관,76,0
SUB:인천2호선:R,14,SUB:인천가좌,99,0
SUB:인천2호선:R,15,SUB:가재울,96,0
SUB:인천2호선:R,16,SUB:주안국가산단,105,0
SUB:인천2호선:R,17,SUB:주안,88,0
SUB:인천2호선:R,18,SUB:시민공원,76,0
SUB:인천2호선:R,19,SUB:석바위시장,94,0
SUB:인천2호선:R,20,SUB:인천시청,84,0
SUB:인천2호선:R,21,SUB:석천사거리,74,0
SUB:인천2호선:R,22,SUB:모래내시장,77,0
SUB:인천2호선:R,23,SUB:만수,98,0
SUB:인천2호선:R,24,SUB:남동구청,84,0
SUB:인천2호선:R,25,SUB:인천대공원,120,0
SUB:인천2호선:R,26,SUB:운연,103,0
SUB:인천2호선#1,0,SUB:검단오류,0,0
SUB:인천2호선#1,1,SUB:왕길,111,0
SUB:인천2호선#1,2,SUB:검단사거리,124,0
SUB:인천2호선#1,3,SUB:마전,94,0
SUB:인천2호선#1,4,SUB:완정,73,0
SUB:인천2호선#1,5,SUB:독정,86,0
SUB:인천2호선#1,6,SUB:검암,143,0
SUB:인천2호선#1,7,SUB:검바위,91,0
SUB:인천2호선#1,8,SUB:아시아드경기장,99,0
SUB:인천2호선#1,9,SUB:서구청,82,0
SUB:인천2호선#1,10,SUB:가정,170,0
SUB:인천2호선#1,11,SUB:가정중앙시장,78,0
SUB:인천2호선#1,12,SUB:석남,105,0
SUB:인천2호선#1,13,SUB:서부여성회관,76,0
SUB:인천2호선#1,14,SUB:인천가좌,99,0
SUB:인천2호선#1,15,SUB:가재울,96,0
SUB:인천2호선#1,16,SUB:주안국가산단,105,0
SUB:인천2호선#1,17,SUB:주안,88,0
SUB:인천2호선#1,18,SUB:시민공원,76,0
SUB:인천2호선#1,19,SUB:석바위시장,94,0
SUB:인천2호선#1,20,SUB:인천시청,84,0
SUB:인천2호선#1,21,SUB:석천사거리,74,0
SUB:인천2호선#1,22,SUB:모래내시장,77,0
SUB:인천2호선#1,23,SUB:만수,98,0
SUB:인천2호선#1,24,SUB:남동구청,84,0
SUB:인천2호선#1,25,SUB:인천대공원,120,0
SUB:인천2호선#1,26,SUB:운연,103,0
SUB:인천2호선#1:R,0,SUB:운연,0,0
SUB:인천2호선#1:R,1,SUB:인천대공원,103,0
SUB:인천2호선#1:R,2,SUB:남동구청,120,0
SUB:인천2호선#1:R,3,SUB:만수,84,0
SUB:인천2호선#1:R,4,SUB:모래내시장,98,0
SUB:인천2호선#1:R,5,SUB:석천사거리,77,0
SUB:인천2호선#1:R,6,SUB:인천시청,74,0
SUB:인천2호선#1:R,7,SUB:석바위시장,84,0
SUB:인천2호선#1:R,8,SUB:시민공원,94,0
SUB:인천2호선#1:R,9,SUB:주안,76,0
SUB:인천2호선#1:R,10,SUB:주안국가산단,88,0
SUB:인천2호선#1:R,11,SUB:가재울,105,0
SUB:인천2호선#1:R,12,SUB:인천가좌,96,0
SUB:인천2호선#1:R,13,SUB:서부여성회관,99,0
SUB:인천2호선#1:R,14,SUB:석남,76,0
SUB:인천2호선#1:R,15,SUB:가정중앙시장,105,0
SUB:인천2호선#1:R,16,SUB:가정,78,0
SUB:인천2호선#1:R,17,SUB:서구청,170,0
SUB:인천2호선#1:R,18,SUB:아시아드경기장,82,0
SUB:인천2호선#1:R,19,SUB:검바위,99,0
SUB:인천2호선#1:R,20,SUB:검암,91,0
SUB:인천2호선#1:R,21,SUB:독정,143,0
SUB:인천2호선#1:R,22,SUB:완정,86,0
SUB:인천2호선#1:R,23,SUB:마전,73,0
SUB:인천2호선#1:R,24,SUB:검단사거리,94,0
SUB:인천2호선#1:R,25,SUB:왕길,124,0
SUB:인천2호선#1:R,26,SUB:검단오류,111,0
