stop_id,stop_name,lat,lon,mode
SUB:인천,인천,37.4769719,126.6173267,subway
SUB:동인천,동인천,37.4756163,126.63231,subway
SUB:도원,도원,37.469062,126.6416049,subway
SUB:제물포,제물포,37.4666952,126.6565865,subway
SUB:도화,도화,37.4660994,126.6674091,subway
SUB:주안,주안,37.4648978,126.6788699,subway
SUB:간석,간석,37.4645678,126.6924772,subway
SUB:동암,동암,37.4699087,126.7029777,subway
SUB:백운,백운,37.4824022,126.7063864,subway
SUB:부평,부평,37.4893315,126.7245079,subway
SUB:부개,부개,37.4884186,126.7398397,subway
SUB:송내,송내,37.4876022,126.7516291,subway
SUB:중동,중동,37.4867408,126.7630781,subway
SUB:부천,부천,37.4841939,126.7813237,subway
SUB:소사,소사,37.4826204,126.7946398,subway
SUB:역곡,역곡,37.4848544,126.8111076,subway
SUB:온수,온수,37.4919928,126.8229565,subway
SUB:오류동,오류동,37.4939856,126.8434437,subway
SUB:개봉,개봉,37.4945762,126.8581644,subway
SUB:구일,구일,37.4957217,126.8689185,subway
SUB:구로,구로,37.5033463,126.8823678,subway
SUB:신도림,신도림,37.5089506,126.8911913,subway
SUB:영등포,영등포,37.5154485,126.9072862,subway
SUB:신길,신길,37.5175712,126.9165959,subway
SUB:대방,대방,37.5134068,126.9254113,subway
SUB:노량진,노량진,37.5136072,126.9418701,subway
SUB:용산,용산,37.5305621,126.9663678,subway
SUB:남영,남영,37.5395691,126.9714083,subway
SUB:서울역,서울역,37.552576,126.9724492,subway
SUB:시청,시청,37.5630913,126.9739637,subway
SUB:종각,종각,37.5701195,126.9821118,subway
SUB:종로3가,종로3가,37.5720185,126.9916922,subway
SUB:종로5가,종로5가,37.5709298,127.0011763,subway
SUB:동대문,동대문,37.5707564,127.0093746,subway
SUB:동묘앞,동묘앞,37.571413,127.0158026,subway
SUB:신설동,신설동,37.5740982,127.0263347,subway
SUB:제기동,제기동,37.5783087,127.0335456,subway
SUB:청량리,청량리,37.5806416,127.0482186,subway
SUB:회기,회기,37.5891676,127.0572961,subway
SUB:외대앞,외대앞,37.5956329,127.063374,subway
SUB:신이문,신이문,37.600931,127.0669802,subway
SUB:석계,석계,37.6148757,127.065768,subway
SUB:광운대,광운대,37.6235166,127.0621851,subway
SUB:월계,월계,37.6323154,127.0588626,subway
SUB:녹천,녹천,37.6439844,127.0516865,subway
SUB:창동,창동,37.6529636,127.0466586,subway
SUB:방학,방학,37.666534,127.0444265,subway
SUB:도봉,도봉,37.6781766,127.0453853,subway
SUB:도봉산,도봉산,37.688786,127.0461858,subway
SUB:망월사,망월사,37.7094036,127.047594,subway
SUB:회룡,회룡,37.7250332,127.0471527,subway
SUB:의정부,의정부,37.7366367,127.0464268,subway
SUB:가능,가능,37.7476557,127.0447039,subway
SUB:녹양,녹양,37.758501,127.042323,subway
SUB:양주,양주,37.7733153,127.0447041,subway
SUB:덕계,덕계,37.8179643,127.0564018,subway
SUB:덕정,덕정,37.8424204,127.0616808,subway
SUB:지행,지행,37.8915262,127.0557765,subway
SUB:동두천중앙,동두천중앙,37.9008562,127.0564914,subway
SUB:보산,보산,37.9133009,127.0573342,subway
SUB:동두천,동두천,37.9266917,127.0550196,subway
SUB:소요산,소요산,37.9471617,127.0607225,subway
SUB:청산,청산,37.9943328,127.0736759,subway
SUB:전곡,전곡,38.0237849,127.0724112,subway
SUB:연천,연천,38.1004613,127.0738629,subway
SUB:가산디지털단지,가산디지털단지,37.4823798,126.8821636,subway
SUB:독산,독산,37.4668796,126.8890361,subway
SUB:금천구청,금천구청,37.4563959,126.8934833,subway
SUB:석수,석수,37.4345411,126.9025637,subway
SUB:관악,관악,37.4191207,126.9090056,subway
SUB:안양,안양,37.4006749,126.9238319,subway
SUB:명학,명학,37.3837522,126.93601,subway
SUB:금정,금정,37.3715851,126.9439463,subway
SUB:군포,군포,37.3534284,126.9485985,subway
SUB:당정,당정,37.3424456,126.9484387,subway
SUB:의왕,의왕,37.3193973,126.9482854,subway
SUB:성균관대,성균관대,37.3003127,126.972123,subway
SUB:화서,화서,37.2833438,126.9900975,subway
SUB:수원,수원,37.266659,127.0013487,subway
SUB:세류,세류,37.2433133,127.014239,subway
SUB:병점,병점,37.2065157,127.0335067,subway
SUB:세마,세마,37.1864677,127.0439663,subway
SUB:오산대,오산대,37.1687277,127.0633372,subway
SUB:오산,오산,37.1438724,127.0666675,subway
SUB:진위,진위,37.109307,127.0623878,subway
SUB:송탄,송탄,37.075606,127.0544205,subway
SUB:서정리,서정리,37.0556777,127.0528971,subway
SUB:평택지제,평택지제,37.0182009,127.070582,subway
SUB:평택,평택,36.9899153,127.0863711,subway
SUB:성환,성환,36.9153776,127.1270569,subway
SUB:직산,직산,36.8701914,127.1443262,subway
SUB:두정,두정,36.8332818,127.149214,subway
SUB:천안,천안,36.8106632,127.1466993,subway
SUB:봉명,봉명,36.8009468,127.1352651,subway
SUB:쌍용,쌍용,36.7933314,127.1205757,subway
SUB:아산,아산,36.7917816,127.1035459,subway
SUB:탕정,탕정,36.7878853,127.0835332,subway
SUB:배방,배방,36.7771457,127.0519158,subway
SUB:온양온천,온양온천,36.7806844,127.002185,subway
SUB:신창,신창,36.7694233,126.9507896,subway
SUB:서동탄,서동탄,37.1956686,127.0518219,subway
SUB:광명,광명,37.4169851,126.8846994,subway
SUB:충정로,충정로,37.5593594,126.9636659,subway
SUB:아현,아현,37.5574487,126.9561344,subway
SUB:이대,이대,37.5567916,126.9458415,subway
SUB:신촌,신촌,37.5551787,126.9369091,subway
SUB:홍대입구,홍대입구,37.5566763,126.9234645,subway
SUB:합정,합정,37.5500781,126.9146378,subway
SUB:당산,당산,37.534127,126.9020714,subway
SUB:영등포구청,영등포구청,37.5253151,126.8965366,subway
SUB:문래,문래,37.518408,126.8948387,subway
SUB:대림,대림,37.4932804,126.8949584,subway
SUB:구로디지털단지,구로디지털단지,37.4850332,126.9025904,subway
SUB:신대방,신대방,37.4875967,126.91343,subway
SUB:신림,신림,37.4842228,126.9296985,subway
SUB:봉천,봉천,37.4823536,126.9419846,subway
SUB:서울대입구,서울대입구,37.4811907,126.9527472,subway
SUB:낙성대,낙성대,37.4770291,126.9635445,subway
SUB:사당,사당,37.4764777,126.9825455,subway
SUB:방배,방배,37.4814426,126.9976822,subway
SUB:서초,서초,37.491807,127.0076422,subway
SUB:교대,교대,37.4928812,127.0138064,subway
SUB:강남,강남,37.4979002,127.0276077,subway
SUB:역삼,역삼,37.5007895,127.0369159,subway
SUB:선릉,선릉,37.5044396,127.0489087,subway
SUB:삼성,삼성,37.5091066,127.0642476,subway
SUB:종합운동장,종합운동장,37.5112839,127.0753203,subway
SUB:잠실새내,잠실새내,37.5115479,127.0864332,subway
SUB:잠실,잠실,37.5136906,127.1016671,subway
SUB:잠실나루,잠실나루,37.5198837,127.1043045,subway
SUB:강변,강변,37.5343289,127.0952593,subway
SUB:구의,구의,37.5368976,127.085103,subway
SUB:건대입구,건대입구,37.5407875,127.0681712,subway
SUB:성수,성수,37.5448976,127.0550553,subway
SUB:뚝섬,뚝섬,37.5475873,127.0463967,subway
SUB:한양대,한양대,37.5557274,127.0436837,subway
SUB:왕십리,왕십리,37.5612222,127.0371358,subway
SUB:상왕십리,상왕십리,37.5644254,127.029212,subway
SUB:신당,신당,37.5656525,127.0198141,subway
SUB:동대문역사문화공원,동대문역사문화공원,37.5659047,127.0081762,subway
SUB:을지로4가,을지로4가,37.5666655,126.9979998,subway
SUB:을지로3가,을지로3가,37.5663629,126.9925882,subway
SUB:을지로입구,을지로입구,37.5659777,126.982607,subway
SUB:도림천,도림천,37.5144991,126.8826324,subway
SUB:양천구청,양천구청,37.5123003,126.8659115,subway
SUB:신정네거리,신정네거리,37.5200245,126.853057,subway
SUB:까치산,까치산,37.5313676,126.846698,subway
SUB:용두,용두,37.5738711,127.038702,subway
SUB:신답,신답,37.5692823,127.0474214,subway
SUB:용답,용답,37.5617246,127.0510125,subway
SUB:오금,오금,37.5021419,127.1283544,subway
SUB:경찰병원,경찰병원,37.4953088,127.1238319,subway
SUB:가락시장,가락시장,37.4922475,127.1177039,subway
SUB:수서,수서,37.487427,127.1019706,subway
SUB:일원,일원,37.4837678,127.0841812,subway
SUB:대청,대청,37.493654,127.0795056,subway
SUB:학여울,학여울,37.4964802,127.0699125,subway
SUB:대치,대치,37.4944502,127.0632186,subway
SUB:도곡,도곡,37.4908838,127.0554872,subway
SUB:매봉,매봉,37.4870435,127.0469913,subway
SUB:양재,양재,37.4845433,127.034317,subway
SUB:남부터미널,남부터미널,37.4849718,127.0162904,subway
SUB:고속터미널,고속터미널,37.5050376,127.0049022,subway
SUB:잠원,잠원,37.5127485,127.0110886,subway
SUB:신사,신사,37.5161705,127.0196309,subway
SUB:압구정,압구정,37.5261356,127.0284705,subway
SUB:옥수,옥수,37.5408763,127.0178475,subway
SUB:금호,금호,37.5480153,127.0158595,subway
SUB:약수,약수,37.5548296,127.0105499,subway
SUB:동대입구,동대입구,37.5590197,127.0057659,subway
SUB:충무로,충무로,37.5606488,126.9948063,subway
SUB:안국,안국,37.5768286,126.9862272,subway
SUB:경복궁,경복궁,37.5757585,126.9735668,subway
SUB:독립문,독립문,37.574513,126.9578197,subway
SUB:무악재,무악재,37.5823147,126.9503083,subway
SUB:홍제,홍제,37.588674,126.944199,subway
SUB:녹번,녹번,37.600943,126.9357156,subway
SUB:불광,불광,37.6098806,126.930398,subway
SUB:연신내,연신내,37.6194491,126.920858,subway
SUB:구파발,구파발,37.6368537,126.9187721,subway
SUB:지축,지축,37.6479341,126.9149061,subway
SUB:삼송,삼송,37.6531033,126.8954689,subway
SUB:원흥,원흥,37.6504946,126.8737376,subway
SUB:원당,원당,37.6538264,126.8433973,subway
SUB:화정,화정,37.6345957,126.8326234,subway
SUB:대곡,대곡,37.6318362,126.8096784,subway
SUB:백석,백석,37.6430565,126.7879533,subway
SUB:마두,마두,37.6520005,126.7777178,subway
SUB:정발산,정발산,37.6597112,126.7732179,subway
SUB:주엽,주엽,37.670111,126.7612341,subway
SUB:대화,대화,37.6761485,126.7474578,subway
SUB:오이도,오이도,37.3628018,126.738718,subway
SUB:정왕,정왕,37.3520536,126.7419901,subway
SUB:신길온천,신길온천,37.3380983,126.7661867,subway
SUB:안산,안산,37.3274089,126.7879605,subway
SUB:초지,초지,37.3211622,126.8049024,subway
SUB:고잔,고잔,37.3169005,126.8220934,subway
SUB:중앙,중앙,37.3160633,126.8374647,subway
SUB:한대앞,한대앞,37.3104519,126.852888,subway
SUB:상록수,상록수,37.3028721,126.8656673,subway
SUB:반월,반월,37.3116652,126.9032326,subway
SUB:대야미,대야미,37.3272174,126.9162856,subway
SUB:수리산,수리산,37.3498152,126.9253962,subway
SUB:산본,산본,37.3575433,126.9321639,subway
SUB:범계,범계,37.3898873,126.9509188,subway
SUB:평촌,평촌,37.3942706,126.9638926,subway
SUB:인덕원,인덕원,37.4013614,126.9769874,subway
SUB:정부과천청사,정부과천청사,37.4264288,126.9897471,subway
SUB:과천,과천,37.4330278,126.9968428,subway
SUB:대공원,대공원,37.435088,127.0061773,subway
SUB:경마공원,경마공원,37.4438286,127.007913,subway
SUB:선바위,선바위,37.4507449,127.003056,subway
SUB:남태령,남태령,37.463972,126.9889176,subway
SUB:총신대입구,총신대입구,37.48678,126.9822371,subway
SUB:동작,동작,37.5021191,126.9808291,subway
SUB:이촌,이촌,37.5226181,126.9736117,subway
SUB:신용산,신용산,37.5291568,126.9678072,subway
SUB:삼각지,삼각지,37.5344579,126.9729031,subway
SUB:숙대입구,숙대입구,37.5451375,126.9719211,subway
SUB:회현,회현,37.5587614,126.978436,subway
SUB:명동,명동,37.5609174,126.9862899,subway
SUB:혜화,혜화,37.5821434,127.0019312,subway
SUB:한성대입구,한성대입구,37.588201,127.0053156,subway
SUB:성신여대입구,성신여대입구,37.592665,127.0164111,subway
SUB:길음,길음,37.6024214,127.024414,subway
SUB:미아사거리,미아사거리,37.6131644,127.0300744,subway
SUB:미아,미아,37.6254296,127.0264909,subway
SUB:수유,수유,37.6379893,127.0256914,subway
SUB:쌍문,쌍문,37.6484204,127.0345485,subway
SUB:노원,노원,37.6561244,127.0623632,subway
SUB:상계,상계,37.6599912,127.0726737,subway
SUB:불암산,불암산,37.6695753,127.0784401,subway
SUB:진접,진접,37.7212032,127.2031634,subway
SUB:오남,오남,37.7057341,127.1923455,subway
SUB:별내별가람,별내별가람,37.6680941,127.1169523,subway
SUB:하남검단산,하남검단산,37.5397123,127.2237049,subway
SUB:하남시청,하남시청,37.5416948,127.2070277,subway
SUB:하남풍산,하남풍산,37.5528048,127.2043263,subway
SUB:미사,미사,37.5630584,127.1927747,subway
SUB:강일,강일,37.5575854,127.1760948,subway
SUB:상일동,상일동,37.5566609,127.1650911,subway
SUB:고덕,고덕,37.5550028,127.1537873,subway
SUB:명일,명일,37.5519248,127.1440529,subway
SUB:굽은다리,굽은다리,37.5456603,127.1429306,subway
SUB:길동,길동,37.5383553,127.140159,subway
SUB:강동,강동,37.5358634,127.1326384,subway
SUB:천호,천호,37.5380736,127.1232037,subway
SUB:광나루,광나루,37.5453332,127.1035169,subway
SUB:아차산,아차산,37.5517023,127.0898223,subway
SUB:군자,군자,37.5571693,127.0795654,subway
SUB:장한평,장한평,37.5615078,127.0645955,subway
SUB:답십리,답십리,37.5668495,127.0527067,subway
SUB:마장,마장,37.5661188,127.0428899,subway
SUB:행당,행당,37.5576032,127.0299451,subway
SUB:신금호,신금호,37.5544558,127.0202666,subway
SUB:청구,청구,37.5602864,127.0138544,subway
SUB:광화문,광화문,37.5716332,126.9769142,subway
SUB:서대문,서대문,37.5658085,126.9666095,subway
SUB:애오개,애오개,37.553447,126.9566713,subway
SUB:공덕,공덕,37.5424161,126.9522541,subway
SUB:마포,마포,37.5396405,126.9459579,subway
SUB:여의나루,여의나루,37.5268661,126.9325101,subway
SUB:여의도,여의도,37.5217071,126.9241053,subway
SUB:영등포시장,영등포시장,37.5227195,126.9051311,subway
SUB:양평,양평,37.525654,126.886125,subway
SUB:오목교,오목교,37.5245758,126.8751578,subway
SUB:목동,목동,37.5261412,126.864513,subway
SUB:신정,신정,37.5250652,126.8559381,subway
SUB:화곡,화곡,37.5417123,126.8404024,subway
SUB:우장산,우장산,37.5488674,126.8363427,subway
SUB:발산,발산,37.5584571,126.8375125,subway
SUB:마곡,마곡,37.5602708,126.8247446,subway
SUB:송정,송정,37.5612892,126.8119992,subway
SUB:김포공항,김포공항,37.5619723,126.8015364,subway
SUB:개화산,개화산,37.5728374,126.808166,subway
SUB:방화,방화,37.5773845,126.8127722,subway
SUB:둔촌동,둔촌동,37.5277875,127.1362849,subway
SUB:올림픽공원,올림픽공원,37.5160799,127.1303019,subway
SUB:방이,방이,37.5086178,127.1260719,subway
SUB:개롱,개롱,37.4981053,127.1348455,subway
SUB:거여,거여,37.4933801,127.1437715,subway
SUB:마천,마천,37.4949893,127.1527509,subway
SUB:응암,응암,37.598774,126.9157018,subway
SUB:역촌,역촌,37.6060541,126.9228008,subway
SUB:독바위,독바위,37.6184519,126.9330576,subway
SUB:구산,구산,37.6110401,126.9170995,subway
SUB:새절,새절,37.5910867,126.9134797,subway
SUB:증산,증산,37.5841289,126.9098598,subway
SUB:디지털미디어시티,디지털미디어시티,37.576216,126.9014392,subway
SUB:월드컵경기장,월드컵경기장,37.5701609,126.8992939,subway
SUB:마포구청,마포구청,37.5635156,126.9033737,subway
SUB:망원,망원,37.5559808,126.9101224,subway
SUB:상수,상수,37.5477391,126.9229225,subway
SUB:광흥창,광흥창,37.547449,126.932001,subway
SUB:대흥,대흥,37.5476895,126.9423171,subway
SUB:효창공원앞,효창공원앞,37.5393117,126.9613534,subway
SUB:녹사평,녹사평,37.5347329,126.9864975,subway
SUB:이태원,이태원,37.534481,126.994386,subway
SUB:한강진,한강진,37.5398199,127.0017633,subway
SUB:버티고개,버티고개,37.5482256,127.0066769,subway
SUB:창신,창신,37.579786,127.015273,subway
SUB:보문,보문,37.5852622,127.0193326,subway
SUB:안암,안암,37.5862818,127.029329,subway
SUB:고려대,고려대,37.58975,127.0359359,subway
SUB:월곡,월곡,37.601924,127.041489,subway
SUB:상월곡,상월곡,37.606207,127.0482569,subway
SUB:돌곶이,돌곶이,37.6105343,127.0564905,subway
SUB:태릉입구,태릉입구,37.6172248,127.0745285,subway
SUB:화랑대,화랑대,37.6197559,127.0837172,subway
SUB:봉화산,봉화산,37.6173928,127.0910747,subway
SUB:신내,신내,37.6126451,127.1032226,subway
SUB:석남,석남,37.506387,126.6761225,subway
SUB:산곡,산곡,37.5086158,126.7036796,subway
SUB:부평구청,부평구청,37.5075712,126.7198593,subway
SUB:굴포천,굴포천,37.5070361,126.7313177,subway
SUB:삼산체육관,삼산체육관,37.5065175,126.7423065,subway
SUB:상동,상동,37.5058462,126.7531662,subway
SUB:부천시청,부천시청,37.5047828,126.7631827,subway
SUB:신중동,신중동,37.5030595,126.7762185,subway
SUB:춘의,춘의,37.5037437,126.7871771,subway
SUB:부천종합운동장,부천종합운동장,37.5055909,126.7974602,subway
SUB:까치울,까치울,37.5062561,126.8113774,subway
SUB:천왕,천왕,37.4863535,126.8389512,subway
SUB:광명사거리,광명사거리,37.479621,126.8538115,subway
SUB:철산,철산,37.4760589,126.8677626,subway
SUB:남구로,남구로,37.485404,126.8866733,subway
SUB:신풍,신풍,37.5001548,126.9089367,subway
SUB:보라매,보라매,37.4999833,126.919781,subway
SUB:신대방삼거리,신대방삼거리,37.49972,126.9282087,subway
SUB:장승배기,장승배기,37.5049927,126.9391954,subway
SUB:상도,상도,37.5032145,126.9476896,subway
SUB:숭실대입구,숭실대입구,37.4956558,126.9541388,subway
SUB:남성,남성,37.4843794,126.9718787,subway
SUB:이수,이수,37.4853378,126.9819566,subway
SUB:내방,내방,37.4872377,126.9921169,subway
SUB:반포,반포,37.5081855,127.011619,subway
SUB:논현,논현,37.5099469,127.0218958,subway
SUB:학동,학동,37.5139701,127.0307332,subway
SUB:강남구청,강남구청,37.5167764,127.0414135,subway
SUB:청담,청담,37.5188573,127.0500373,subway
SUB:자양,자양,37.5308705,127.0664071,subway
SUB:어린이대공원,어린이대공원,37.5476281,127.0743859,subway
SUB:중곡,중곡,37.5662958,127.08449,subway
SUB:용마산,용마산,37.5738974,127.0864879,subway
SUB:사가정,사가정,37.5807153,127.0883912,subway
SUB:면목,면목,37.5883794,127.0875458,subway
SUB:상봉,상봉,37.5965559,127.0843139,subway
SUB:중화,중화,37.6016296,127.07945,subway
SUB:먹골,먹골,37.6114362,127.0775866,subway
SUB:공릉,공릉,37.6256062,127.0729869,subway
SUB:하계,하계,37.6359753,127.0682067,subway
SUB:중계,중계,37.6455228,127.0638548,subway
SUB:마들,마들,37.6647424,127.0577568,subway
SUB:수락산,수락산,37.6770108,127.0552337,subway
SUB:장암,장암,37.7001801,127.053075,subway
SUB:모란,모란,37.4321771,127.1290618,subway
SUB:수진,수진,37.4374574,127.1406647,subway
SUB:신흥,신흥,37.4410138,127.1476254,subway
SUB:단대오거리,단대오거리,37.4450934,127.1567551,subway
SUB:남한산성입구,남한산성입구,37.451584,127.159804,subway
SUB:산성,산성,37.4568481,127.1499078,subway
SUB:남위례,남위례,37.4624724,127.1397967,subway
SUB:복정,복정,37.4716385,127.1266838,subway
SUB:장지,장지,37.4788927,127.1260371,subway
SUB:문정,문정,37.48585,127.122484,subway
SUB:송파,송파,37.4996207,127.1122514,subway
SUB:석촌,석촌,37.5050452,127.1068567,subway
SUB:몽촌토성,몽촌토성,37.5175496,127.1126502,subway
SUB:강동구청,강동구청,37.5306815,127.120598,subway
SUB:암사,암사,37.5490025,127.1270746,subway
SUB:암사역사공원,암사역사공원,37.5568968,127.1365133,subway
SUB:장자호수공원,장자호수공원,37.5864905,127.1378478,subway
SUB:구리,구리,37.6016366,127.1410186,subway
SUB:동구릉,동구릉,37.6101744,127.1381349,subway
SUB:다산,다산,37.6237479,127.1496187,subway
SUB:별내,별내,37.6418028,127.1280243,subway
SUB:중앙보훈병원,중앙보훈병원,37.5282699,127.148286,subway
SUB:둔촌오륜,둔촌오륜,37.5198527,127.1383293,subway
SUB:한성백제,한성백제,37.5167113,127.1162809,subway
SUB:송파나루,송파나루,37.5112303,127.1128828,subway
SUB:석촌고분,석촌고분,37.502417,127.0965651,subway
SUB:삼전,삼전,37.504478,127.0871856,subway
SUB:봉은사,봉은사,37.5141546,127.0601774,subway
SUB:삼성중앙,삼성중앙,37.5130743,127.0537122,subway
SUB:선정릉,선정릉,37.510668,127.0436952,subway
SUB:언주,언주,37.5073701,127.0341153,subway
SUB:신논현,신논현,37.5045465,127.0248738,subway
SUB:사평,사평,37.504105,127.0153773,subway
SUB:신반포,신반포,37.5035801,126.9964259,subway
SUB:구반포,구반포,37.5012703,126.9867889,subway
SUB:흑석,흑석,37.508366,126.9639299,subway
SUB:노들,노들,37.5129494,126.9535788,subway
SUB:샛강,샛강,37.5172824,126.9283959,subway
SUB:국회의사당,국회의사당,37.5274368,126.9184254,subway
SUB:선유도,선유도,37.5378557,126.8938639,subway
SUB:신목동,신목동,37.544227,126.8831853,subway
SUB:염창,염창,37.5470051,126.8754428,subway
SUB:등촌,등촌,37.5511895,126.8645708,subway
SUB:증미,증미,37.557422,126.86193,subway
SUB:가양,가양,37.5611258,126.8550615,subway
SUB:양천향교,양천향교,37.5684782,126.8412018,subway
SUB:마곡나루,마곡나루,37.5666674,126.8277135,subway
SUB:신방화,신방화,37.5674056,126.8178288,subway
SUB:공항시장,공항시장,37.5634156,126.8104215,subway
SUB:개화,개화,37.5784343,126.7968238,subway
SUB:판교,판교,37.3943639,127.1111873,subway
SUB:성남,성남,37.394745,127.1206192,subway
SUB:이매,이매,37.3952494,127.1282124,subway
SUB:삼동,삼동,37.4086667,127.2033703,subway
SUB:경기광주,경기광주,37.3989152,127.2532951,subway
SUB:초월,초월,37.3731656,127.30047,subway
SUB:곤지암,곤지암,37.350519,127.3462861,subway
SUB:신둔도예촌,신둔도예촌,37.3156754,127.405275,subway
SUB:이천,이천,37.264255,127.4421828,subway
SUB:부발,부발,37.2604283,127.4903138,subway
SUB:세종대왕릉,세종대왕릉,37.2936415,127.5706498,subway
SUB:여주,여주,37.282823,127.6290136,subway
SUB:용문,용문,37.4820467,127.5947947,subway
SUB:원덕,원덕,37.4689667,127.5454542,subway
SUB:오빈,오빈,37.5064442,127.4726689,subway
SUB:아신,아신,37.5141696,127.4421485,subway
SUB:국수,국수,37.5159075,127.3982455,subway
SUB:신원,신원,37.5262402,127.3724619,subway
SUB:양수,양수,37.5464099,127.3281417,subway
SUB:운길산,운길산,37.555176,127.308969,subway
SUB:팔당,팔당,37.5481215,127.2429811,subway
SUB:도심,도심,37.5798815,127.2217583,subway
SUB:덕소,덕소,37.5875186,127.2076604,subway
SUB:양정,양정,37.6046783,127.1941174,subway
SUB:도농,도농,37.6087773,127.1612194,subway
SUB:양원,양원,37.6064164,127.1072307,subway
SUB:망우,망우,37.5989729,127.0915707,subway
SUB:중랑,중랑,37.5946995,127.0753534,subway
SUB:응봉,응봉,37.549548,127.0342619,subway
SUB:한남,한남,37.5291501,127.0085345,subway
SUB:서빙고,서빙고,37.5195173,126.9872817,subway
SUB:서강대,서강대,37.5529911,126.93427,subway
SUB:가좌,가좌,37.5688469,126.9141529,subway
SUB:수색,수색,37.5809734,126.8950228,subway
SUB:한국항공대,한국항공대,37.6032316,126.8677587,subway
SUB:강매,강매,37.6121383,126.8442848,subway
SUB:행신,행신,37.611993,126.8341887,subway
SUB:능곡,능곡,37.619355,126.8197461,subway
SUB:곡산,곡산,37.6463771,126.8014149,subway
SUB:백마,백마,37.6575978,126.7949216,subway
SUB:풍산,풍산,37.6728688,126.7859221,subway
SUB:일산,일산,37.682014,126.7698544,subway
SUB:탄현,탄현,37.6946855,126.761013,subway
SUB:야당,야당,37.7132647,126.7616058,subway
SUB:운정,운정,37.7262417,126.7674433,subway
SUB:금릉,금릉,37.7518897,126.7650266,subway
SUB:금촌,금촌,37.7665998,126.7753589,subway
SUB:월롱,월롱,37.7974275,126.7930258,subway
SUB:파주,파주,37.8157295,126.7922097,subway
SUB:문산,문산,37.8553067,126.7879894,subway
SUB:운천,운천,37.8798294,126.7699418,subway
SUB:임진강,임진강,37.8882254,126.7492154,subway
SUB:도라산,도라산,37.8990505,126.7084359,subway
SUB:춘천,춘천,37.8845276,127.7166203,subway
SUB:남춘천,남춘천,37.8639923,127.7239204,subway
SUB:김유정,김유정,37.8184499,127.7143217,subway
SUB:강촌,강촌,37.8057393,127.6341157,subway
SUB:백양리,백양리,37.8307979,127.5891698,subway
SUB:굴봉산,굴봉산,37.8319414,127.5571302,subway
SUB:가평,가평,37.8145424,127.5107447,subway
SUB:상천,상천,37.7701614,127.4544037,subway
SUB:청평,청평,37.7355228,127.4266248,subway
SUB:대성리,대성리,37.6838528,127.3795675,subway
SUB:마석,마석,37.6527896,127.3116743,subway
SUB:천마산,천마산,37.659229,127.2850612,subway
SUB:평내호평,평내호평,37.6532437,127.2444979,subway
SUB:금곡,금곡,37.6373387,127.2074212,subway
SUB:사릉,사릉,37.6511137,127.1769097,subway
SUB:퇴계원,퇴계원,37.6482702,127.1435237,subway
SUB:갈매,갈매,37.6339552,127.1147005,subway
SUB:계양,계양,37.5717906,126.7363487,subway
SUB:검암,검암,37.5691612,126.6736778,subway
SUB:청라국제도시,청라국제도시,37.5565025,126.6246726,subway
SUB:영종,영종,37.5120219,126.5248572,subway
SUB:운서,운서,37.4928378,126.4937063,subway
SUB:공항화물청사,공항화물청사,37.4589066,126.4776332,subway
SUB:인천공항1터미널,인천공항1터미널,37.4472569,126.4526977,subway
SUB:인천공항2터미널,인천공항2터미널,37.4688911,126.4334999,subway
SUB:고촌,고촌,37.6013319,126.7701876,subway
SUB:풍무,풍무,37.6124305,126.7324458,subway
SUB:사우,사우,37.6203085,126.7196924,subway
SUB:걸포북변,걸포북변,37.6315929,126.7058836,subway
SUB:운양,운양,37.6538351,126.683853,subway
SUB:장기,장기,37.6440357,126.6689623,subway
SUB:마산,마산,37.640616,126.6441105,subway
SUB:구래,구래,37.6454185,126.6287137,subway
SUB:양촌,양촌,37.6416447,126.6147532,subway
SUB:원시,원시,37.3025413,126.7868312,subway
SUB:시우,시우,37.3130971,126.7957458,subway
SUB:선부,선부,37.3343857,126.8099592,subway
SUB:달미,달미,37.3489976,126.8091335,subway
SUB:시흥능곡,시흥능곡,37.3702397,126.8088237,subway
SUB:시흥시청,시흥시청,37.3820236,126.8058094,subway
SUB:신현,신현,37.4096889,126.7878815,subway
SUB:신천,신천,37.4393371,126.7868733,subway
SUB:시흥대야,시흥대야,37.4501052,126.7930513,subway
SUB:소새울,소새울,37.4687,126.7972489,subway
SUB:원종,원종,37.5221625,126.8049364,subway
SUB:서울숲,서울숲,37.5436201,127.0447177,subway
SUB:압구정로데오,압구정로데오,37.5278201,127.0406811,subway
SUB:한티,한티,37.496274,127.0528411,subway
SUB:구룡,구룡,37.4869099,127.059455,subway
SUB:개포동,개포동,37.4890796,127.0660515,subway
SUB:대모산입구,대모산입구,37.4913743,127.0727648,subway
SUB:가천대,가천대,37.4486968,127.1266971,subway
SUB:태평,태평,37.4397071,127.1277192,subway
SUB:야탑,야탑,37.4112829,127.1286881,subway
SUB:서현,서현,37.3849257,127.1233156,subway
SUB:수내,수내,37.3784199,127.1142279,subway
SUB:정자,정자,37.3653889,127.1080933,subway
SUB:미금,미금,37.3499981,127.1089702,subway
SUB:오리,오리,37.3406386,127.1088934,subway
SUB:죽전,죽전,37.3245639,127.1073844,subway
SUB:보정,보정,37.3123522,127.1082976,subway
SUB:구성,구성,37.2990209,127.1057172,subway
SUB:신갈,신갈,37.286116,127.1113353,subway
SUB:기흥,기흥,37.2755066,127.1159856,subway
SUB:상갈,상갈,37.2617522,127.1088684,subway
SUB:청명,청명,37.2599984,127.0794894,subway
SUB:영통,영통,37.2513838,127.0712437,subway
SUB:망포,망포,37.245644,127.0570027,subway
SUB:매탄권선,매탄권선,37.2530511,127.0404781,subway
SUB:수원시청,수원시청,37.2617563,127.0319033,subway
SUB:매교,매교,37.2655001,127.0157079,subway
SUB:고색,고색,37.2498322,126.9803937,subway
SUB:오목천,오목천,37.2431034,126.9634832,subway
SUB:어천,어천,37.2503749,126.9081819,subway
SUB:야목,야목,37.2616308,126.8833633,subway
SUB:사리,사리,37.2915384,126.8573725,subway
SUB:달월,달월,37.3807129,126.7458836,subway
SUB:월곶,월곶,37.3921604,126.7423159,subway
SUB:소래포구,소래포구,37.4013038,126.7325487,subway
SUB:인천논현,인천논현,37.4004832,126.7215322,subway
SUB:호구포,호구포,37.4020968,126.7077547,subway
SUB:남동인더스파크,남동인더스파크,37.4082483,126.6943986,subway
SUB:원인재,원인재,37.4136809,126.6856687,subway
SUB:연수,연수,37.4183698,126.6779472,subway
SUB:송도,송도,37.4303043,126.6538721,subway
SUB:인하대,인하대,37.4489904,126.6493767,subway
SUB:숭의,숭의,37.461239,126.6370849,subway
SUB:신포,신포,37.4689305,126.6236807,subway
SUB:관악산,관악산,37.4688191,126.9453084,subway
SUB:서울대벤처타운,서울대벤처타운,37.4720479,126.9337423,subway
SUB:서원,서원,37.4781973,126.9331002,subway
SUB:당곡,당곡,37.4897299,126.927818,subway
SUB:보라매병원,보라매병원,37.4930402,126.9243222,subway
SUB:보라매공원,보라매공원,37.4953052,126.9182796,subway
SUB:서울지방병무청,서울지방병무청,37.5059414,126.9227816,subway
SUB:양재시민의숲,양재시민의숲,37.4701433,127.0383592,subway
SUB:청계산입구,청계산입구,37.4483921,127.0545673,subway
SUB:동천,동천,37.3378769,127.1028482,subway
SUB:수지구청,수지구청,37.3224903,127.0947567,subway
SUB:성복,성복,37.3134135,127.0803106,subway
SUB:상현,상현,37.2974137,127.0693373,subway
SUB:광교중앙,광교중앙,37.288547,127.0514993,subway
SUB:광교,광교,37.3024813,127.0435221,subway
SUB:강남대,강남대,37.2702735,127.1260023,subway
SUB:지석,지석,37.2696367,127.1364687,subway
SUB:어정,어정,37.274898,127.1435379,subway
SUB:동백,동백,37.2691532,127.1526913,subway
SUB:초당,초당,37.2609153,127.1594568,subway
SUB:삼가,삼가,37.2422743,127.1681525,subway
SUB:시청·용인대,시청·용인대,37.2393407,127.1786666,subway
SUB:명지대,명지대,37.23808,127.1900788,subway
SUB:김량장,김량장,37.2372928,127.198446,subway
SUB:용인중앙시장,용인중앙시장,37.2378213,127.2088372,subway
SUB:고진,고진,37.2444148,127.2141149,subway
SUB:보평,보평,37.2587377,127.2185469,subway
SUB:둔전,둔전,37.2670626,127.2136449,subway
SUB:전대·에버랜드,전대·에버랜드,37.2852395,127.2196707,subway
SUB:정릉,정릉,37.6027532,127.013338,subway
SUB:북한산보국문,북한산보국문,37.6119626,127.0082576,subway
SUB:솔샘,솔샘,37.6202204,127.0137122,subway
SUB:삼양사거리,삼양사거리,37.621174,127.020514,subway
SUB:삼양,삼양,37.6269639,127.0181389,subway
SUB:화계,화계,37.6340359,127.0174308,subway
SUB:가오리,가오리,37.6420351,127.0165155,subway
SUB:4.19민주묘지,4.19민주묘지,37.6493635,127.0136521,subway
SUB:솔밭공원,솔밭공원,37.6559343,127.0131587,subway
SUB:북한산우이,북한산우이,37.6633606,127.0123479,subway
SUB:탑석,탑석,37.7334804,127.0889389,subway
SUB:송산,송산,37.7371073,127.0873011,subway
SUB:어룡,어룡,37.7425371,127.0852351,subway
SUB:곤제,곤제,37.7503452,127.0838985,subway
SUB:효자,효자,37.753989,127.0773992,subway
SUB:경기도청북부청사,경기도청북부청사,37.7507504,127.071814,subway
SUB:새말,새말,37.7488705,127.0639796,subway
SUB:동오,동오,37.7453477,127.0571834,subway
SUB:의정부중앙,의정부중앙,37.7436756,127.0498713,subway
SUB:흥선,흥선,37.7432726,127.0374127,subway
SUB:의정부시청,의정부시청,37.7393951,127.0348982,subway
SUB:경전철의정부,경전철의정부,37.737445,127.0433186,subway
SUB:범골,범골,37.7289028,127.043702,subway
SUB:발곡,발곡,37.7269971,127.0529344,subway
SUB:송도달빛축제공원,송도달빛축제공원,37.4068352,126.626147,subway
SUB:국제업무지구,국제업무지구,37.3998563,126.6306247,subway
SUB:센트럴파크,센트럴파크,37.3934462,126.6347144,subway
SUB:인천대입구,인천대입구,37.3860781,126.639682,subway
SUB:지식정보단지,지식정보단지,37.3780649,126.6456102,subway
SUB:테크노파크,테크노파크,37.3820801,126.6558454,subway
SUB:캠퍼스타운,캠퍼스타운,37.3879193,126.6615323,subway
SUB:동막,동막,37.3983933,126.6738092,subway
SUB:동춘,동춘,37.4046129,126.6805762,subway
SUB:신연수,신연수,37.418023,126.6938361,subway
SUB:선학,선학,37.427146,126.6989001,subway
SUB:문학경기장,문학경기장,37.4348643,126.6977716,subway
SUB:인천터미널,인천터미널,37.4419055,126.6996538,subway
SUB:예술회관,예술회관,37.4500621,126.701031,subway
SUB:인천시청,인천시청,37.4567305,126.7028705,subway
SUB:간석오거리,간석오거리,37.4673373,126.707837,subway
SUB:부평삼거리,부평삼거리,37.4778965,126.7102052,subway
SUB:동수,동수,37.4854963,126.7184187,subway
SUB:부평시장,부평시장,37.498369,126.7222192,subway
SUB:갈산,갈산,37.5167129,126.7214337,subway
SUB:작전,작전,37.5303134,126.7224693,subway
SUB:경인교대입구,경인교대입구,37.5384255,126.7225345,subway
SUB:계산,계산,37.5433868,126.7278899,subway
SUB:임학,임학,37.5451731,126.7386823,subway
SUB:박촌,박촌,37.5536398,126.7450242,subway
SUB:귤현,귤현,37.5659095,126.7427462,subway
SUB:아라,아라,37.592185,126.7133151,subway
SUB:신검단중앙,신검단중앙,37.6026243,126.6985169,subway
SUB:검단호수공원,검단호수공원,37.6024184,126.6885383,subway
SUB:운연,운연,37.4393136,126.7594871,subway
SUB:인천대공원,인천대공원,37.44843,126.7533155,subway
SUB:남동구청,남동구청,37.448121,126.7373278,subway
SUB:만수,만수,37.454923,126.7322622,subway
SUB:모래내시장,모래내시장,37.455804,126.719984,subway
SUB:석천사거리,석천사거리,37.4566506,126.7112017,subway
SUB:석바위시장,석바위시장,37.4576075,126.692919,subway
SUB:시민공원,시민공원,37.4583648,126.6813015,subway
SUB:주안국가산단,주안국가산단,37.4732154,126.6808599,subway
SUB:가재울,가재울,37.4835734,126.6844519,subway
SUB:인천가좌,인천가좌,37.4895993,126.6751276,subway
SUB:서부여성회관,서부여성회관,37.4995411,126.6757103,subway
SUB:가정중앙시장,가정중앙시장,37.517088,126.6767385,subway
SUB:가정,가정,37.5241073,126.6752382,subway
SUB:서해구청,서해구청,37.5441943,126.6768777,subway
SUB:아시아드경기장,아시아드경기장,37.5510172,126.6770356,subway
SUB:검바위,검바위,37.5608918,126.6774743,subway
SUB:독정,독정,37.5847513,126.6759397,subway
SUB:완정,완정,37.5925926,126.6728784,subway
SUB:마전,마전,37.5974375,126.6673527,subway
SUB:검단사거리,검단사거리,37.6019359,126.6570932,subway
SUB:왕길,왕길,37.5952783,126.6427535,subway
SUB:검단오류,검단오류,37.5949031,126.6282878,subway
SUB:서구청,서구청,37.5433208,126.6767447,subway
